Date,Open,High,Low,Close,tick_volume,spread,real_volume
2020-10-28,13601.0,13837.0,12889.0,13192.0,59620,3600,0
2020-10-29,13193.0,13629.0,12971.0,13465.0,47086,3600,0
2020-10-30,13466.0,13658.0,13114.0,13626.0,54860,3600,0
2020-11-02,13806.0,13821.0,13199.0,13609.0,51557,3600,0
2020-11-03,13611.0,13783.0,13281.0,13720.0,53115,3600,0
2020-11-04,13719.0,14250.0,13520.0,13983.0,50561,3600,0
2020-11-05,14002.0,15285.0,14001.0,15234.0,74781,3600,0
2020-11-06,15219.0,15945.0,15180.0,15547.0,88764,3600,0
2020-11-09,15338.0,15827.0,14814.0,15376.0,72422,3600,0
2020-11-10,15369.0,15460.0,15081.0,15372.0,57507,3600,0
2020-11-11,15390.0,15971.0,15275.0,15797.0,57579,3600,0
2020-11-12,15792.0,16193.0,15457.0,16136.0,67756,3600,0
2020-11-13,16141.0,16470.0,15956.0,16277.0,64009,3600,0
2020-11-16,15840.0,16869.0,15778.0,16717.0,59616,3600,0
2020-11-17,16717.0,17843.0,16550.0,17607.0,78370,3600,0
2020-11-18,17614.0,18459.0,17227.0,17772.0,113235,3600,0
2020-11-19,17773.0,18167.0,17339.0,17915.0,91351,3600,0
2020-11-20,17924.0,18802.0,17704.0,18567.0,87777,3600,0
2020-11-23,18550.0,18758.0,17990.0,18411.0,100396,3600,0
2020-11-24,18418.0,19418.0,18063.0,18949.0,101232,3600,0
2020-11-25,18924.0,19478.0,18629.0,18840.0,55206,3600,0
2020-11-26,18821.0,18906.0,16205.0,17073.0,124036,4000,0
2020-11-27,17059.0,17445.0,16427.0,17003.0,88487,4000,0
2020-11-30,18258.0,19842.0,18070.0,19357.0,91077,4000,0
2020-12-01,19352.0,19895.0,18131.0,19056.0,112183,4000,0
2020-12-02,19039.0,19321.0,18319.0,19135.0,93360,4200,0
2020-12-03,19137.0,19596.0,18865.0,19447.0,62060,4200,0
2020-12-04,19435.0,19535.0,18685.0,18815.0,63192,4200,0
2020-12-07,19229.0,19407.0,18888.0,19061.0,47700,4200,0
2020-12-08,19063.0,19277.0,18599.0,18760.0,49608,4200,0
2020-12-09,18749.0,18811.0,17622.0,18489.0,71718,4200,0
2020-12-10,18492.0,18622.0,17888.0,18325.0,49321,4200,0
2020-12-11,18331.0,18376.0,17568.0,18082.0,78295,4200,0
2020-12-14,19159.0,19316.0,18960.0,19178.0,55986,4200,0
2020-12-15,19177.0,19540.0,19033.0,19407.0,58468,4200,0
2020-12-16,19401.0,21273.0,19281.0,21218.0,50774,4200,0
2020-12-17,21188.0,23705.0,21188.0,22757.0,117056,5000,0
2020-12-18,22782.0,23256.0,22341.0,22894.0,95037,5000,0
2020-12-21,23313.0,24091.0,21923.0,23126.0,102650,5000,0
2020-12-22,23091.0,23593.0,22363.0,23409.0,112896,5000,0
2020-12-23,23415.0,24060.0,22788.0,23279.0,114849,5000,0
2020-12-24,23271.0,23532.0,22620.0,23359.0,96283,5000,0
2020-12-28,26364.0,27435.0,26042.0,26602.0,107416,6000,0
2020-12-29,26585.0,27155.0,25821.0,26849.0,105855,6000,0
2020-12-30,26879.0,28966.0,26871.0,28875.0,124369,6000,0
2020-12-31,28876.0,29272.0,27959.0,28980.0,100366,6000,0
2021-01-04,33458.0,33619.0,27924.0,31020.0,169292,6000,0
2021-01-05,31016.0,34251.0,29917.0,33792.0,162981,6000,0
2021-01-06,33866.0,36516.0,33354.0,35833.0,168884,6000,0
2021-01-07,35785.0,40363.0,35784.0,39579.0,173832,6000,0
2021-01-08,39706.0,41954.0,36565.0,39886.0,205820,8000,0
2021-01-11,37929.0,38979.0,30263.0,34006.0,182472,9500,0
2021-01-12,33922.0,36563.0,32472.0,34696.0,203540,9500,0
2021-01-13,34629.0,37361.0,32335.0,37194.0,179163,9500,0
2021-01-14,37457.0,40052.0,36728.0,38812.0,164482,9500,0
2021-01-15,38716.0,39640.0,34388.0,36275.0,181406,9500,0
2021-01-18,36514.0,37374.0,34737.0,36186.0,144303,9500,0
2021-01-19,36277.0,37803.0,36031.0,36449.0,138789,9500,0
2021-01-20,36330.0,36738.0,33357.0,34832.0,154846,9500,0
2021-01-21,34822.0,35617.0,30918.0,31234.0,173435,9500,0
2021-01-22,31152.0,33812.0,28767.0,33307.0,194768,9500,0
2021-01-25,31801.0,34830.0,31649.0,32616.0,147007,9500,0
2021-01-26,32651.0,32780.0,30799.0,31945.0,183086,9500,0
2021-01-27,31944.0,32886.0,29181.0,30888.0,175332,9500,0
2021-01-28,30995.0,33288.0,29859.0,33246.0,156336,9500,0
2021-01-29,33280.0,38578.0,31940.0,34662.0,192290,9500,0
2021-02-01,32628.0,34649.0,32283.0,33621.0,170523,9500,0
2021-02-02,33504.0,35946.0,33409.0,35654.0,161645,9500,0
2021-02-03,35649.0,37403.0,35353.0,37229.0,155018,9500,0
2021-02-04,37280.0,38695.0,36159.0,37654.0,163406,9500,0
2021-02-05,37573.0,38293.0,36590.0,37811.0,146181,9500,0
2021-02-08,38483.0,44746.0,38013.0,44737.0,165489,9500,0
2021-02-09,44523.0,48109.0,44241.0,47292.0,187217,9500,0
2021-02-10,47265.0,47288.0,43694.0,44967.0,174157,12500,0
2021-02-11,44902.0,48611.0,43980.0,46864.0,174194,12500,0
2021-02-12,46880.0,48883.0,46223.0,47822.0,167150,12500,0
2021-02-15,48746.0,49255.0,45849.0,48141.0,165351,12500,0
2021-02-16,48216.0,50536.0,46999.0,48551.0,180689,12500,0
2021-02-17,48496.0,52576.0,48492.0,52236.0,177112,12500,0
2021-02-18,52303.0,52488.0,50817.0,51987.0,143190,12500,0
2021-02-19,51982.0,56245.0,50702.0,55449.0,149152,12500,0
2021-02-22,57306.0,57572.0,47794.0,54804.0,206951,12500,0
2021-02-23,54730.0,54952.0,44867.0,48034.0,250594,12500,0
2021-02-24,47928.0,51345.0,46965.0,48709.0,223516,12500,0
2021-02-25,48577.0,52001.0,48023.0,48142.0,200846,12500,0
2021-02-26,48053.0,48759.0,44097.0,45590.0,238890,12500,0
2021-03-01,45175.0,49453.0,44813.0,48792.0,176011,12500,0
2021-03-02,48753.0,50173.0,47026.0,47391.0,169181,12500,0
2021-03-03,47358.0,52573.0,47328.0,50862.0,167312,12500,0
2021-03-04,50790.0,51722.0,47444.0,47861.0,196747,12500,0
2021-03-05,47872.0,49400.0,46282.0,49088.0,175565,2400,0
2021-03-08,50037.0,51966.0,49291.0,51866.0,159359,3100,0
2021-03-09,51850.0,54800.0,51361.0,54266.0,162666,3200,0
2021-03-10,54230.0,57331.0,52997.0,56896.0,170571,3300,0
2021-03-11,56896.0,57891.0,54231.0,57669.0,186995,3300,0
2021-03-12,57580.0,58108.0,55004.0,56935.0,179038,3400,0
2021-03-15,60173.0,60716.0,54644.0,56341.0,181357,3400,0
2021-03-16,56374.0,56946.0,53223.0,56343.0,174442,3100,0
2021-03-17,56370.0,58320.0,54128.0,57844.0,166013,3400,0
2021-03-18,57701.0,60067.0,56977.0,57506.0,160216,3200,0
2021-03-19,57463.0,59435.0,56239.0,58421.0,151544,3600,0
2021-03-22,57870.0,58423.0,54215.0,54619.0,152609,3500,0
2021-03-23,54529.0,55840.0,52952.0,54321.0,161653,3100,0
2021-03-24,54423.0,57185.0,53175.0,54162.0,150610,3600,0
2021-03-25,54045.0,54205.0,50391.0,51967.0,159712,2800,0
2021-03-26,51980.0,54293.0,51232.0,54016.0,144852,2900,0
2021-03-29,54819.0,58354.0,54766.0,57133.0,136219,3500,0
2021-03-30,57210.0,59367.0,57005.0,58625.0,133814,4100,0
2021-03-31,58595.0,59787.0,56820.0,58919.0,132495,3500,0
2021-04-01,58928.0,59471.0,57885.0,58846.0,131396,3600,0
2021-04-02,58832.0,60089.0,58375.0,58654.0,124024,3800,0
2021-04-05,58043.0,59254.0,56800.0,58791.0,124359,3600,0
2021-04-06,58780.0,59446.0,57338.0,58243.0,137877,3600,0
2021-04-07,58228.0,58644.0,55448.0,56158.0,143620,3600,0
2021-04-08,56248.0,58136.0,55687.0,57657.0,123283,4200,0
2021-04-09,57667.0,58877.0,57442.0,58312.0,110503,4500,0
2021-04-12,59617.0,61191.0,59373.0,59941.0,118491,4100,0
2021-04-13,59928.0,63721.0,59707.0,63183.0,126495,3300,0
2021-04-14,63178.0,64852.0,61279.0,62355.0,130459,3200,0
2021-04-15,62375.0,63635.0,61979.0,63348.0,121580,3200,0
2021-04-16,63384.0,63828.0,60006.0,61969.0,129720,2600,0
2021-04-19,56223.0,57629.0,54253.0,56167.0,107206,2500,0
2021-04-20,56195.0,57093.0,53381.0,56863.0,112500,2900,0
2021-04-21,56781.0,57099.0,54298.0,55032.0,113742,2200,0
2021-04-22,54985.0,55453.0,51411.0,51798.0,132836,2500,0
2021-04-23,51577.0,52224.0,47363.0,50518.0,159013,2300,0
2021-04-26,48078.0,54383.0,47007.0,53251.0,128406,2300,0
2021-04-27,53222.0,55372.0,52565.0,55066.0,123567,2900,0
2021-04-28,55180.0,56468.0,53828.0,54393.0,106674,2800,0
2021-04-29,54414.0,55223.0,52342.0,52977.0,96643,2800,0
2021-04-30,52976.0,57384.0,52801.0,56799.0,88244,3300,0
2021-05-03,57043.0,58976.0,55950.0,56832.0,82904,3800,0
2021-05-04,56790.0,57509.0,53223.0,54719.0,103068,3200,0
2021-05-05,54696.0,57978.0,52923.0,56860.0,107722,3000,0
2021-05-06,56867.0,58392.0,55251.0,55932.0,114552,2700,0
2021-05-07,55929.0,58707.0,55278.0,57660.0,117382,2900,0
2021-05-10,57971.0,59564.0,53741.0,55277.0,115228,2700,0
2021-05-11,55305.0,56945.0,54481.0,56929.0,120741,2800,0
2021-05-12,56899.0,58031.0,53536.0,54496.0,96046,2600,0
2021-05-13,54483.0,54810.0,45852.0,49236.0,103914,2100,0
2021-05-14,49313.0,51559.0,48424.0,49307.0,100247,2900,0
2021-05-17,44143.0,46635.0,42020.0,44835.0,134446,1700,0
2021-05-18,44802.0,45842.0,42402.0,43290.0,155121,2300,0
2021-05-19,43291.0,43607.0,29567.0,38402.0,114394,0,0
2021-05-20,38301.0,42533.0,34944.0,40039.0,111559,1900,0
2021-05-21,40071.0,42285.0,35200.0,35212.0,107994,1900,0
2021-05-24,33675.0,39955.0,33646.0,39003.0,107566,1400,0
2021-05-25,38999.0,39846.0,36471.0,37642.0,133394,1600,0
2021-05-26,37630.0,40903.0,37452.0,38718.0,154797,1800,0
2021-05-27,38769.0,40439.0,37178.0,38460.0,129855,1700,0
2021-05-28,38476.0,39194.0,35113.0,35198.0,134658,1600,0
2021-05-31,36047.0,37480.0,34181.0,36646.0,119223,1800,0
2021-06-01,36682.0,37908.0,35662.0,36308.0,120248,1500,0
2021-06-02,36327.0,38243.0,35911.0,37746.0,108318,1800,0
2021-06-03,37722.0,39489.0,37183.0,38679.0,104048,1400,0
2021-06-04,38690.0,39275.0,35560.0,37006.0,104040,2100,0
2021-06-07,35959.0,36804.0,34034.0,34472.0,87408,0,0
2021-06-08,34445.0,34636.0,30997.0,33647.0,105635,1400,0
2021-06-09,33626.0,36977.0,32413.0,36418.0,100772,1500,0
2021-06-10,36392.0,38430.0,35805.0,36408.0,89112,0,0
2021-06-11,36488.0,37684.0,35954.0,37145.0,88950,1800,0
2021-06-14,39276.0,41028.0,38685.0,39809.0,98504,2100,0
2021-06-15,39834.0,41318.0,39538.0,39946.0,88564,2000,0
2021-06-16,39946.0,40492.0,38298.0,38485.0,66287,2200,0
2021-06-17,38490.0,39545.0,37367.0,37742.0,65384,2200,0
2021-06-18,37727.0,38199.0,35139.0,35477.0,66223,2000,0
2021-06-21,35817.0,35885.0,31712.0,32587.0,72981,1700,0
2021-06-22,32565.0,33312.0,28811.0,32863.0,70585,0,0
2021-06-23,32905.0,34825.0,31709.0,33054.0,76218,1600,0
2021-06-24,33047.0,35237.0,32319.0,34850.0,71267,1800,0
2021-06-25,34847.0,35487.0,31446.0,32210.92,75177,0,0
2021-06-28,32613.92,35288.92,32406.92,34695.92,79165,1516,0
2021-06-29,34658.92,36603.92,34090.92,36137.92,73005,1816,0
2021-06-30,36147.92,36318.92,34031.92,34572.92,87370,1916,0
2021-07-01,34575.92,35206.92,32709.92,33407.92,81804,1516,0
2021-07-02,33408.92,33977.92,32675.92,33104.92,87557,1616,0
2021-07-05,35529.92,35945.92,33134.92,33826.92,61616,1316,0
2021-07-06,33830.92,35081.92,33510.92,33929.92,68671,1816,0
2021-07-07,33940.92,35056.92,33613.92,34538.92,99005,1816,0
2021-07-08,34527.92,34533.92,32088.92,32783.92,87297,1616,0
2021-07-09,32807.92,33688.92,32260.92,33498.92,79218,1616,0
2021-07-12,33819.92,34656.92,32603.92,32824.92,76247,1516,0
2021-07-13,32837.92,33329.92,32180.92,32505.92,75970,1616,0
2021-07-14,32490.92,33088.92,31578.92,32797.92,83772,1516,0
2021-07-15,32800.92,33177.92,31117.92,31723.92,86563,1116,0
2021-07-16,31745.92,32241.92,31009.92,31830.92,99485,1216,0
2021-07-19,31628.92,31923.92,30405.92,30764.92,92978,0,0
2021-07-20,30766.92,31047.92,29272.92,29847.92,105151,1016,0
2021-07-21,29855.92,32811.92,29481.92,31847.92,109848,1216,0
2021-07-22,31791.92,32598.92,31681.92,32246.92,100219,1316,0
2021-07-23,32229.92,32909.92,31977.92,32458.92,90714,1516,0
2021-07-26,34466.92,40552.92,34439.92,37582.92,150694,1316,0
2021-07-27,37726.92,38769.92,36398.92,37980.92,132744,1316,0
2021-07-28,38032.92,40908.92,37951.92,40057.92,149516,1316,0
2021-07-29,39947.92,40632.5,39248.92,39703.5,97333,2016,0
2021-07-30,39718.5,41600.5,38316.5,40849.5,89293,1900,0
2021-08-02,41237.5,41307.5,38662.5,38836.5,106941,2000,0
2021-08-03,38833.5,39773.5,37613.5,38088.5,107198,1900,0
2021-08-04,38054.5,39843.5,37470.5,39686.5,106201,1900,0
2021-08-05,39735.5,41387.5,37302.5,40890.5,111523,1900,0
2021-08-06,40893.5,43369.5,39866.5,42675.5,109204,2300,0
2021-08-09,43857.5,46470.5,42778.5,45458.5,114026,2300,0
2021-08-10,45444.5,46713.5,44620.5,45597.5,110935,2200,0
2021-08-11,45628.5,46753.5,45216.5,46315.5,114043,2500,0
2021-08-12,46323.5,46385.5,43765.5,44399.5,105392,2000,0
2021-08-13,44473.5,47897.5,43865.5,47537.5,91485,2200,0
2021-08-16,46769.5,48092.0,45678.0,46064.0,55454,0,0
2021-08-17,46087.0,47186.0,44549.0,45012.0,62915,0,0
2021-08-18,44988.0,46053.5,44218.0,44588.0,62392,0,0
2021-08-19,44550.0,46902.0,43960.0,46613.0,62882,0,0
2021-08-20,46621.0,49164.0,46373.0,48680.0,47939,0,0
2021-08-21,48682.0,49865.5,48261.5,48965.0,45105,0,0
2021-08-22,49019.5,49492.0,48097.0,48368.0,39393,0,0
2021-08-23,48396.5,50489.5,48279.0,49436.88,250334,0,0
2021-08-24,49473.3,49886.5,47808.5,48332.5,104200,0,0
2021-08-25,48343.5,49184.5,47145.0,48722.5,56632,0,0
2021-08-26,48695.5,49371.5,46293.0,47006.5,60680,0,0
2021-08-27,47019.5,49193.5,46293.5,48943.5,57076,0,0
2021-08-28,48924.5,49338.5,48342.0,48735.5,34317,0,0
2021-08-29,48766.5,49706.0,47750.5,48902.5,35151,0,0
2021-08-30,48944.0,49439.5,47368.5,48699.5,44770,0,0
2021-08-31,48672.5,48723.5,46698.5,46985.5,57671,0,0
2021-09-01,47030.5,49112.5,46530.0,48280.5,53667,0,0
2021-09-02,48291.5,50443.5,48276.5,49591.5,54242,0,0
2021-09-03,49586.5,51125.5,48347.5,50250.5,87086,0,0
2021-09-04,50419.5,50598.5,49368.5,50225.5,25701,0,0
2021-09-05,50200.5,51695.5,49398.5,51541.5,33536,0,0
2021-09-06,51798.5,52272.5,51045.0,51951.5,37223,0,0
2021-09-07,51967.5,52993.5,42734.5,46788.5,70508,0,0
2021-09-08,46811.5,47364.5,44440.5,46104.5,89307,0,0
2021-09-09,46049.5,47376.0,45519.5,46269.5,59372,0,0
2021-09-10,46253.5,47037.0,44580.5,45110.5,50339,0,0
2021-09-11,45060.5,45997.5,44097.5,45296.5,44410,0,0
2021-09-12,45307.5,46270.5,44732.5,45196.5,36178,0,0
2021-09-13,45045.5,46919.5,43329.5,45148.5,70032,0,0
2021-09-14,45182.5,46980.0,44696.5,46820.5,47021,0,0
2021-09-15,46820.5,48457.5,46400.5,47931.5,47517,0,0
2021-09-16,47941.5,48519.5,47041.5,47108.5,43065,0,0
2021-09-17,47167.5,48173.5,46738.5,47027.5,37988,0,0
2021-09-18,46973.5,48780.5,46776.5,47991.5,36018,0,0
2021-09-19,47989.5,48378.0,47063.5,47577.5,31089,0,0
2021-09-20,47595.0,47677.5,42447.5,43486.5,73893,0,0
2021-09-21,43520.5,43918.5,40216.5,40961.5,81364,0,0
2021-09-22,40923.5,44024.0,39543.5,43418.5,77333,0,0
2021-09-23,43429.5,44911.5,42978.5,44654.5,49613,0,0
2021-09-24,44688.5,45152.5,40666.5,42993.5,66638,0,0
2021-09-25,42969.5,43243.5,41664.0,42728.5,52490,0,0
2021-09-26,42655.0,43692.5,41881.5,43585.5,32575,0,0
2021-09-27,43620.5,44367.5,42577.5,42683.5,55245,0,0
2021-09-28,42689.5,43411.5,41105.5,41761.5,58792,0,0
2021-09-29,41760.5,42585.5,40723.5,41098.5,43209,0,0
2021-09-30,41105.5,44123.5,40939.5,43424.5,44951,0,0
2021-10-01,43435.5,48243.0,43255.5,48122.5,48585,0,0
2021-10-02,48138.5,48519.5,47459.5,48090.5,34323,0,0
2021-10-03,48028.5,49281.5,47115.5,48636.5,27788,0,0
2021-10-04,48489.5,49529.5,46913.5,49047.5,51291,0,0
2021-10-05,49035.5,51793.5,48596.5,51405.5,48953,0,0
2021-10-06,51505.5,55464.5,50407.5,54891.0,55355,0,0
2021-10-07,54972.5,55809.5,53392.0,54245.5,52392,0,0
2021-10-08,54227.5,56205.5,53588.5,53950.5,42257,0,0
2021-10-09,53995.5,55543.5,53671.5,54679.5,33534,0,0
2021-10-10,54691.5,56572.5,54074.5,55418.5,40671,0,0
2021-10-11,55430.5,57853.5,54382.5,57407.5,35012,0,0
2021-10-12,57339.5,57692.0,53966.5,55393.5,49362,0,0
2021-10-13,55380.5,57534.5,54252.5,57057.0,48082,0,0
2021-10-14,57070.0,58563.5,56775.5,57503.5,49077,0,0
2021-10-15,57456.5,62202.5,56884.5,61945.5,57106,0,0
2021-10-16,61955.0,62307.0,60153.5,60845.0,37837,0,0
2021-10-17,60848.0,61522.5,58997.5,59484.0,31790,0,0
2021-10-18,59445.5,62755.0,59345.5,61295.0,53370,0,0
2021-10-19,61244.5,64400.5,61166.5,64147.5,76610,0,0
2021-10-20,64138.5,67135.5,63541.76,65923.0,66786,0,0
2021-10-21,65942.0,66749.5,62379.0,62778.5,233184,0,0
2021-10-22,62759.5,63769.5,60042.5,60785.5,311942,0,0
2021-10-23,60761.1,61750.5,59946.5,61104.5,320833,0,0
2021-10-24,61152.7,61515.5,59471.0,61130.5,318949,0,0
2021-10-25,61167.5,63756.0,60643.0,62576.5,307409,0,0
2021-10-26,62587.5,63329.0,61815.5,62114.5,306712,0,0
2021-10-27,62138.0,62145.76,58207.0,58778.5,294942,0,0
2021-10-28,58753.0,62491.5,58115.74,61484.58,301264,0,0
2021-10-29,61446.5,63026.5,60168.5,62443.5,309559,0,0
2021-10-30,62394.5,62521.5,60725.0,61807.0,308717,0,0
2021-10-31,61799.0,62451.0,60013.0,60957.5,294731,0,0
2021-11-01,60954.5,62544.5,59640.0,60674.5,293181,0,0
2021-11-02,60750.0,64389.5,60446.71,63226.0,296989,0,0
2021-11-03,63225.5,63611.0,60761.0,62832.5,283349,0,0
2021-11-04,62811.5,63297.5,60770.04,61384.0,299662,0,0
2021-11-05,61358.74,62660.5,60788.5,60944.53,297611,0,0
2021-11-06,61010.5,61624.0,60107.5,61197.0,299367,0,0
2021-11-07,61195.5,62703.0,61195.0,62600.5,303579,0,0
2021-11-08,62604.0,66653.5,62600.5,66278.5,297842,0,0
2021-11-09,66248.62,68693.5,66112.73,67855.64,285019,0,0
2021-11-10,67795.5,69183.0,62778.0,64409.5,287479,0,0
2021-11-11,64303.5,65633.5,63937.0,65034.5,298845,0,0
2021-11-12,65074.5,65506.0,62268.64,64065.5,304540,0,0
2021-11-13,64094.53,65038.5,63393.59,64290.5,303711,0,0
2021-11-14,64372.5,65386.27,63586.28,64307.5,309124,0,0
2021-11-15,64309.5,66393.5,63340.0,63883.0,286678,0,0
2021-11-16,63885.92,64021.5,58642.5,60569.5,287261,0,0
2021-11-17,60491.26,61150.5,58369.33,60096.5,290582,0,0
2021-11-18,60148.5,60994.0,56648.0,57569.52,286349,0,0
2021-11-19,57608.5,58348.5,55614.46,57876.5,282684,0,0
2021-11-20,57841.6,59691.0,57408.85,59616.5,295447,0,0
2021-11-21,59619.5,60053.41,58531.5,59528.5,296511,0,0
2021-11-22,59528.5,59567.5,55606.0,56242.5,294316,0,0
2021-11-23,56252.94,57887.42,55280.0,57687.66,301637,0,0
2021-11-24,57705.5,57769.5,55898.57,57338.5,305299,0,0
2021-11-25,57338.5,59456.58,56877.5,58844.0,279416,0,0
2021-11-26,58866.0,59364.5,53523.5,54065.5,260763,0,0
2021-11-27,54017.5,55297.0,53518.2,54576.62,294297,0,0
2021-11-28,54590.52,56423.0,53311.08,56304.5,292740,0,0
2021-11-29,56327.5,58924.5,56068.5,58270.0,279775,0,0
2021-11-30,58312.91,59254.5,55940.0,57133.83,254748,0,0
2021-12-01,57128.5,59105.96,56477.5,57004.5,268923,0,0
2021-12-02,57007.0,57427.5,55801.5,56910.0,284109,0,0
2021-12-03,56903.5,57698.8,51641.5,53645.04,304366,0,0
2021-12-04,53612.5,53875.5,41930.0,48743.5,301061,0,0
2021-12-05,48756.5,49773.5,47777.54,49237.33,303218,0,0
2021-12-06,49189.5,50606.5,47179.0,49985.0,314691,0,0
2021-12-07,50106.21,51986.5,50098.29,50551.1,303662,0,0
2021-12-08,50527.5,51271.5,48634.5,50626.5,318017,0,0
2021-12-09,50642.0,50864.5,47341.5,47976.5,317749,0,0
2021-12-10,47990.5,50172.5,47265.5,48008.01,309156,0,0
2021-12-11,47940.5,49328.08,46885.5,48797.5,281088,0,0
2021-12-12,48816.5,50829.5,48676.34,49987.74,316020,0,0
2021-12-13,49975.5,50394.5,45697.5,46888.07,311688,0,0
2021-12-14,46815.5,48680.5,46276.5,48269.0,304111,0,0
2021-12-15,48306.5,49521.0,46563.5,49208.5,296899,0,0
2021-12-16,49191.5,49476.5,47713.78,48133.2,292236,0,0
2021-12-17,48107.5,48176.5,45412.5,46919.86,285309,0,0
2021-12-18,46858.5,47370.0,45497.5,46926.5,278640,0,0
2021-12-19,46963.63,48294.5,46426.5,46709.96,255905,0,0
2021-12-20,46710.0,47595.5,45560.27,47016.5,273207,0,0
2021-12-21,46994.5,49349.3,46657.7,49061.18,268558,0,0
2021-12-22,49108.0,49591.5,48454.5,49074.04,243672,0,0
2021-12-23,49074.5,51403.5,48056.04,50832.5,229301,0,0
2021-12-24,50846.58,51853.5,50509.0,50894.5,236307,0,0
2021-12-26,51001.5,51088.72,49458.9,50826.0,256699,0,0
2021-12-27,50819.0,52130.38,50467.5,50980.5,234924,0,0
2021-12-28,50992.5,51264.5,47321.5,47577.5,240906,0,0
2021-12-29,47563.5,48150.5,46594.53,47206.5,229363,0,0
2021-12-30,47244.5,47907.5,45907.0,47256.5,223237,0,0
2021-12-31,47323.0,48577.5,45657.88,46305.5,226707,0,0
2022-01-02,47333.5,48022.5,46649.0,47027.5,215607,0,0
2022-01-03,47031.0,47598.5,45693.5,46038.5,212973,0,0
2022-01-04,45987.5,47539.34,45527.0,46301.5,191165,0,0
2022-01-05,46223.5,47080.5,43397.0,43663.5,195688,0,0
2022-01-06,43595.5,43779.5,42423.5,43114.5,208585,0,0
2022-01-07,43121.5,43241.0,40656.5,41926.5,209662,0,0
2022-01-08,41894.5,42260.0,40547.5,41791.5,197483,0,0
2022-01-09,41781.0,42800.5,41190.5,42335.0,215962,0,0
2022-01-10,42311.5,42489.5,39625.95,41685.5,217470,0,0
2022-01-11,41721.5,43110.5,41263.37,42665.14,208482,0,0
2022-01-12,42663.5,44336.5,42452.98,43800.5,194228,0,0
2022-01-13,43768.0,44425.0,42322.0,42818.5,193884,0,0
2022-01-14,42813.5,43439.46,41729.5,43306.5,200052,0,0
2022-01-15,43308.5,43816.5,42571.5,43333.5,192410,0,0
2022-01-16,43313.5,43495.5,42599.5,42975.5,177996,0,0
2022-01-17,42958.94,43287.42,41614.5,41741.5,169077,731,0
2022-01-18,41735.63,42504.67,41294.5,42402.5,175158,0,0
2022-01-19,42391.5,42710.5,41144.5,41749.5,197231,0,0
2022-01-20,41722.0,43516.5,41310.5,41371.5,198375,0,0
2022-01-21,41318.5,41555.0,36125.14,36639.5,227625,0,0
2022-01-22,36656.5,37143.95,34116.56,35422.5,281303,0,0
2022-01-23,35373.5,36159.87,34603.5,35368.5,258797,0,0
2022-01-24,35354.5,37569.5,32918.0,36828.5,288421,0,0
2022-01-25,36820.5,37577.06,35711.22,36613.82,268049,0,0
2022-01-26,36565.73,38903.5,36327.0,36368.23,255003,0,0
2022-01-27,36332.0,37233.0,35518.48,36228.5,277812,300,0
2022-01-28,36203.5,38028.0,35902.39,37823.5,281924,45,0
2022-01-29,37821.22,38768.02,37313.5,38420.5,261146,50,0
2022-01-30,38375.5,38425.0,37364.0,37734.0,259901,650,0
2022-01-31,37747.5,38773.5,36659.5,38426.5,266827,598,0
2022-02-01,38431.5,39306.0,38003.85,38715.0,274134,0,0
2022-02-02,38807.5,38919.5,36577.49,36883.5,250449,650,0
2022-02-03,36932.5,37212.5,36239.5,36941.5,250572,0,0
2022-02-04,36957.5,40910.5,36806.91,40633.5,261531,0,0
2022-02-05,40648.3,41955.54,40415.0,41710.0,273025,0,0
2022-02-06,41659.5,42204.58,41126.0,41682.5,284290,0,0
2022-02-07,41679.5,44561.0,41510.7,44044.0,308998,0,0
2022-02-08,44103.5,45509.5,42669.88,44262.5,291059,0,0
2022-02-09,44239.5,44851.59,43147.5,44493.0,302359,0,0
2022-02-10,44489.38,45890.0,43213.3,43712.5,299795,0,0
2022-02-11,43757.5,44082.5,42061.87,42591.06,312110,0,0
2022-02-12,42622.5,43029.5,41695.0,41916.43,298884,600,0
2022-02-13,41885.5,42787.5,41843.34,42249.29,287833,670,0
2022-02-14,42218.0,42860.0,41562.5,42271.5,291472,0,0
2022-02-15,42255.0,44562.68,42246.99,44008.5,272119,0,0
2022-02-16,43996.5,44801.5,43338.19,44069.5,251805,0,0
2022-02-17,44094.5,44205.5,40070.5,40687.5,251044,0,0
2022-02-18,40679.95,40975.5,39628.5,39993.5,244131,0,0
2022-02-19,39988.89,40463.5,39647.92,39930.27,232916,727,0
2022-02-20,39931.37,40156.5,37986.0,38249.5,235186,0,0
2022-02-21,38252.5,39480.5,37074.5,37242.5,262183,0,0
2022-02-22,37062.5,38343.5,36354.19,37897.71,311820,416,0
2022-02-23,37880.24,39246.13,37395.5,37566.5,282160,246,0
2022-02-24,37527.5,39853.13,34331.53,38405.0,315755,0,0
2022-02-25,38411.97,39702.5,37793.5,39003.0,329641,0,0
2022-02-26,38993.47,40328.5,38595.93,39458.0,271822,0,0
2022-02-27,39464.0,39850.5,36966.83,37413.0,294141,0,0
2022-02-28,37411.53,41966.0,37339.35,41650.5,307878,0,0
2022-03-01,41661.27,44989.5,41642.74,43875.49,331710,0,0
2022-03-02,43904.5,45337.0,43348.77,43938.12,327057,0,0
2022-03-03,44083.51,44378.0,41822.0,42107.5,308272,281,0
2022-03-04,42106.5,42694.0,39049.5,39394.5,327139,0,0
2022-03-05,39380.5,39595.0,38559.66,39371.0,298793,600,0
2022-03-06,39371.5,39700.5,38082.5,38979.8,301179,450,0
2022-03-07,39017.04,39553.5,37148.76,37842.05,307296,0,0
2022-03-08,37826.44,39365.0,37779.23,38521.5,323742,0,0
2022-03-09,38492.93,42611.5,38470.12,41908.02,300945,0,0
2022-03-10,41892.5,42167.0,38555.0,39307.5,313750,0,0
2022-03-11,39322.0,40254.85,38233.19,38849.5,315811,0,0
2022-03-12,38848.5,39437.5,38648.5,39072.5,295267,0,0
2022-03-13,39085.5,39315.5,38360.5,38714.39,278461,598,0
2022-03-14,38740.5,39336.0,37548.5,38703.5,268890,0,0
2022-03-15,38716.5,39928.5,38097.5,39419.5,275935,0,0
2022-03-16,39460.5,41733.61,38841.5,41231.5,304703,0,0
2022-03-17,41258.0,41491.75,40505.5,40707.06,296457,0,0
2022-03-18,40711.31,42359.5,40158.86,41849.5,270609,131,0
2022-03-19,41759.5,42410.47,41527.45,42252.85,274656,627,0
2022-03-20,42216.5,42377.5,40927.62,41313.5,274460,650,0
2022-03-21,41297.5,41558.5,40485.51,41183.5,274940,200,0
2022-03-22,41133.5,43384.5,40881.0,42603.0,268316,0,0
2022-03-23,42605.5,42890.5,41752.96,42337.5,272022,42,0
2022-03-24,42350.5,44263.5,42242.5,43908.5,277769,350,0
2022-03-25,43890.5,45124.5,43611.5,44592.5,274755,0,0
2022-03-26,44565.3,44823.5,44071.0,44583.0,269464,600,0
2022-03-27,44581.5,45064.99,44259.95,44834.0,246530,250,0
2022-03-28,44856.5,48224.5,44739.73,47876.5,269172,0,0
2022-03-29,47970.5,48141.33,46922.58,47455.83,271793,0,0
2022-03-30,47501.5,47723.11,46546.7,47245.09,254640,0,0
2022-03-31,47273.77,47633.89,45524.76,45755.0,243928,650,0
2022-04-01,45761.5,46723.5,44218.5,46156.5,237590,100,0
2022-04-02,46156.5,47226.0,45615.0,46186.5,268868,0,0
2022-04-03,46193.5,46792.5,45546.0,46370.5,276520,0,0
2022-04-04,46363.5,47477.5,45123.33,46309.5,280812,0,0
2022-04-05,46322.72,47213.5,45449.5,45682.68,276866,0,0
2022-04-06,45875.5,46046.0,43172.5,43878.5,278283,0,0
2022-04-07,43869.5,43993.0,42700.42,43552.5,262476,0,0
2022-04-08,43553.0,43973.5,42373.7,42705.78,263845,0,0
2022-04-09,42796.0,42849.5,42089.12,42422.71,273478,0,0
2022-04-10,42416.5,43408.5,42383.5,43105.5,238089,50,0
2022-04-11,43111.5,43199.5,39458.5,39830.39,267312,0,0
2022-04-12,39819.5,40685.5,39178.64,39497.5,269134,0,0
2022-04-13,39507.52,41540.5,39460.5,41219.77,267205,0,0
2022-04-14,41228.5,41478.5,39549.5,39874.5,241314,0,0
2022-04-15,39898.5,40844.5,39747.86,40395.5,106342,0,0
2022-04-16,40399.0,40692.5,39997.09,40315.48,196699,328,0
2022-04-17,40281.43,40694.5,39819.11,40266.5,233558,722,0
2022-04-18,40260.5,41090.0,38518.81,40655.5,258386,0,0
2022-04-19,40669.5,41751.0,40566.5,41277.0,259843,0,0
2022-04-20,41299.5,42195.5,40897.0,41420.8,220851,500,0
2022-04-21,41417.5,42980.5,40531.12,40618.5,239596,0,0
2022-04-22,40599.5,40845.5,39161.0,39584.5,244324,420,0
2022-04-23,39606.95,39963.5,39275.7,39775.5,204978,300,0
2022-04-24,39793.0,39945.0,38937.5,39499.5,201052,0,0
2022-04-25,39499.0,40385.5,38185.81,40139.5,251289,0,0
2022-04-26,40189.5,40800.5,37693.5,38093.5,256895,0,0
2022-04-27,38113.5,39460.5,37696.5,39094.0,271985,0,0
2022-04-28,39100.5,40386.75,38881.5,39916.5,262629,0,0
2022-04-29,39885.0,39977.5,38158.5,38539.5,241969,650,0
2022-04-30,38548.0,38776.58,38146.0,38310.5,205883,0,0
2022-05-01,38317.5,38675.91,37382.0,38189.5,239677,500,0
2022-05-02,38347.0,39160.5,38055.56,38324.5,245788,0,0
2022-05-03,38316.5,38924.5,37498.5,37607.5,115193,200,0
2022-05-04,37776.84,40036.0,37602.5,39784.5,157912,0,0
2022-05-05,39816.0,39890.5,35531.5,36388.5,202389,0,0
2022-05-06,36432.5,36649.87,35228.82,36048.5,210291,0,0
2022-05-07,36065.5,36115.86,35705.5,35741.73,172482,650,0
2022-05-08,35759.5,35788.0,33668.41,34231.5,209240,0,0
2022-05-09,34209.0,34469.5,30310.5,31054.04,258835,0,0
2022-05-10,30947.0,32658.21,29714.5,30937.5,321344,0,0
2022-05-11,30995.5,32161.5,28142.53,28251.5,355723,0,0
2022-05-12,28399.0,30146.5,25338.77,28552.51,390600,0,0
2022-05-13,28537.5,30991.5,27933.9,29785.5,344189,950,0
2022-05-14,29748.25,30092.01,28570.5,29349.5,248189,921,0
2022-05-15,29329.5,31153.0,29312.5,31004.5,270039,900,0
2022-05-16,31007.25,31482.5,29046.07,29872.5,257094,1000,0
2022-05-17,29909.49,30753.0,29403.4,30077.5,198307,1000,0
2022-05-18,30061.0,30689.5,28699.0,29179.5,177541,1000,0
2022-05-19,29196.0,30523.5,28603.41,30210.5,158539,0,0
2022-05-20,30244.5,30749.71,28675.0,29122.49,138144,1200,0
2022-05-21,29113.5,29620.0,28914.74,29375.5,95580,1100,0
2022-05-22,29391.5,30290.0,29217.0,29901.5,88326,1100,0
2022-05-23,29892.5,30652.0,28985.15,29265.5,111436,1350,0
2022-05-24,29296.5,29606.5,28630.27,29423.5,98690,1312,0
2022-05-25,29430.5,30203.54,29307.5,29755.5,107189,1100,0
2022-05-26,29758.0,29858.0,27963.5,29448.5,119136,500,0
2022-05-27,29431.5,29654.77,28242.0,28738.49,163358,0,0
2022-05-28,28725.5,29239.5,28482.0,29001.5,111331,1300,0
2022-05-29,29000.5,29461.58,28810.23,29127.5,77257,1169,0
2022-05-30,29156.5,31413.46,29136.5,31251.5,134785,0,0
2022-05-31,31239.0,32392.5,31192.0,31757.5,171244,0,0
2022-06-01,31792.5,31963.5,29380.0,29664.5,171956,0,0
2022-06-02,29610.35,30387.99,29481.5,30238.5,150411,0,0
2022-06-03,30225.5,30688.5,29238.5,29626.0,130609,1100,0
2022-06-04,29624.0,29947.35,29448.0,29715.5,69171,1100,0
2022-06-05,29719.5,30159.5,29501.5,29918.5,56581,1300,0
2022-06-06,29919.5,31741.5,29781.5,31459.5,114257,900,0
2022-06-07,31442.5,31586.5,29176.7,31356.5,118907,1250,0
2022-06-08,31350.5,31529.0,29801.5,30177.5,167845,1131,0
2022-06-09,30173.5,30682.5,29911.89,30140.5,110499,1200,0
2022-06-10,30160.5,30329.0,28800.78,29178.5,112331,1100,0
2022-06-11,29170.5,29408.5,28061.01,28373.63,106887,1100,0
2022-06-12,28374.0,28651.5,26843.45,27363.5,148519,1100,0
2022-06-13,27333.25,27489.5,22550.5,23218.5,275179,943,0
2022-06-14,23189.5,23333.5,20781.5,21956.5,228767,1302,0
2022-06-15,21934.5,22393.5,20037.19,21661.5,202182,1400,0
2022-06-16,21642.5,22948.5,20457.5,20649.5,136962,1400,0
2022-06-17,20670.5,21312.5,20182.5,20624.5,104928,1400,0
2022-06-18,20619.5,20739.5,17572.0,17748.7,93558,1400,0
2022-06-19,17770.5,20680.0,17727.0,20558.5,140268,1400,0
2022-06-20,20608.5,21054.65,19607.5,20434.5,126593,1400,0
2022-06-21,20431.5,21693.5,20236.5,20836.5,107990,1400,0
2022-06-22,20830.5,21029.0,19729.0,19875.5,101563,1400,0
2022-06-23,19850.5,21097.17,19801.5,20775.5,74403,1400,0
2022-06-24,20788.5,21430.5,20646.5,21136.0,71432,500,0
2022-06-25,21176.5,21591.5,20890.5,21196.5,44648,0,0
2022-06-26,21205.5,21871.13,21107.0,21379.5,37538,1400,0
2022-06-27,21385.5,21519.5,20488.25,20896.5,47606,1400,0
2022-06-28,20889.25,21186.5,20164.5,20242.5,45082,1400,0
2022-06-29,20243.5,20420.0,19825.5,20171.5,47595,1400,0
2022-06-30,20190.5,20322.5,18602.5,18715.5,54375,450,0
2022-07-01,18719.5,20872.0,18688.5,19397.5,80589,0,0
2022-07-02,19397.5,19486.5,18953.5,19232.5,32605,1400,0
2022-07-03,19233.5,19618.5,18755.5,19415.5,27597,800,0
2022-07-04,19412.0,20095.05,19025.5,19733.5,35702,839,0
2022-07-05,19752.5,20724.0,19273.0,20470.5,56926,550,0
2022-07-06,20438.5,20474.0,19743.5,20392.5,58024,0,0
2022-07-07,20374.5,21846.0,20237.5,21598.5,40997,1050,0
2022-07-08,21605.5,22517.0,21158.0,21822.5,76511,0,0
2022-07-09,21840.5,21991.5,21302.97,21667.5,40303,1190,0
2022-07-10,21657.5,21731.5,20646.0,20951.5,36735,1400,0
2022-07-11,20967.5,21153.5,20244.5,20378.5,42303,1400,0
2022-07-12,20405.5,20407.5,19252.5,19426.5,51213,1400,0
2022-07-13,19434.5,20088.5,18885.51,19649.5,64079,0,0
2022-07-14,19650.5,20879.5,19609.5,20662.5,62514,1400,0
2022-07-15,20661.5,21181.5,20362.5,20914.5,51040,1400,0
2022-07-16,20920.5,21572.5,20468.5,21152.5,35144,14,0
2022-07-17,21196.5,21658.5,20818.5,20921.5,40041,1400,0
2022-07-18,20922.25,22777.0,20743.5,21508.5,69734,682,0
2022-07-19,21481.5,23711.0,21436.5,23305.5,107010,0,0
2022-07-20,23298.0,24286.5,22913.0,23288.5,88768,0,0
2022-07-21,23252.5,23813.5,22339.5,23141.5,74077,0,0
2022-07-22,23111.5,23758.5,22499.29,22595.5,59338,700,0
2022-07-23,22598.5,22991.5,21943.5,22301.5,40986,409,0
2022-07-24,22324.0,22925.0,22219.5,22737.5,36261,0,0
2022-07-25,22716.5,23004.67,21553.5,22159.5,51108,0,0
2022-07-26,22162.5,22179.5,20718.0,20964.5,50224,300,0
2022-07-27,20981.5,23100.0,20817.5,22779.5,50343,0,0
2022-07-28,22784.5,24202.5,22591.5,24030.5,63191,850,0
2022-07-29,24030.5,24452.0,23440.5,23951.0,59296,1200,0
2022-07-30,23948.5,24688.0,23641.0,23970.5,37069,200,0
2022-07-31,23956.5,24190.5,23386.5,23799.5,35013,1150,0
2022-08-01,23799.5,23821.5,22853.5,23024.5,46010,1200,0
2022-08-02,23125.5,23463.0,22646.0,23016.5,55057,1200,0
2022-08-03,23028.5,23645.4,22680.5,23316.5,43021,1200,0
2022-08-04,23316.5,23360.5,22386.0,22490.5,45120,1200,0
2022-08-05,22503.5,23469.6,22438.5,22958.5,40688,1200,0
2022-08-06,22974.5,23349.5,22972.5,23162.5,19327,1200,0
2022-08-07,23167.5,23305.0,22843.5,23265.5,15209,1200,0
2022-08-08,23259.0,24243.5,23060.5,24068.5,29627,1050,0
2022-08-09,24058.5,24058.5,22859.5,23129.5,26104,1200,0
2022-08-10,23132.5,24189.5,22434.5,23871.0,32150,398,0
2022-08-11,23898.0,24915.0,23778.5,24210.5,40292,1200,0
2022-08-12,24204.5,24333.5,23594.5,24240.5,27464,1200,0
2022-08-13,24228.5,24905.5,24081.5,24501.5,23985,1200,0
2022-08-14,24487.5,25057.0,24150.5,24318.5,21224,1200,0
2022-08-15,24321.0,25223.5,23872.5,24063.5,36784,1200,0
2022-08-16,24067.5,24248.5,23667.5,23975.5,28456,1200,0
2022-08-17,23982.5,24451.5,23170.5,23392.5,29303,1200,0
2022-08-18,23392.5,23599.0,23226.5,23404.5,18947,1200,0
2022-08-19,23407.5,23415.5,21140.5,21267.5,37642,1200,0
2022-08-20,21261.5,21361.0,20777.0,20834.5,27020,700,0
2022-08-21,20809.5,21773.0,20754.5,21510.5,20708,700,0
2022-08-22,21465.0,21688.5,20889.5,21095.5,34003,1200,0
2022-08-23,21117.5,21675.5,20883.39,21475.5,30477,1200,0
2022-08-24,21466.5,21885.5,21144.5,21691.5,23386,1200,0
2022-08-25,21681.5,21807.5,21300.5,21641.5,19552,900,0
2022-08-26,21637.5,21871.0,20525.0,20652.5,32648,0,0
2022-08-27,20644.5,20674.5,19800.0,19975.5,22804,600,0
2022-08-28,19995.5,20141.5,19798.5,19975.5,14702,1200,0
2022-08-29,19985.5,20410.5,19511.0,20171.0,29815,800,0
2022-08-30,20168.5,20567.5,19529.0,19955.5,31012,700,0
2022-08-31,19965.5,20477.0,19746.5,20208.5,37003,1200,0
2022-09-01,20185.5,20288.5,19543.5,20064.5,34019,1200,0
2022-09-02,20057.5,20434.5,19739.5,19956.5,28210,66,0
2022-09-03,19955.5,20042.5,19637.5,19720.5,12808,1200,0
2022-09-04,19726.5,19947.5,19570.5,19897.5,11487,700,0
2022-09-05,19893.5,20052.5,19624.5,19744.5,15542,1200,0
2022-09-06,19733.5,20174.5,18640.0,18946.5,30654,1200,0
2022-09-07,18964.5,19442.5,18522.0,19393.5,22687,1200,0
2022-09-08,19378.5,19457.5,19005.5,19365.5,24887,1200,0
2022-09-09,19372.5,21437.0,19246.5,21287.5,35103,360,0
2022-09-10,21300.5,21672.5,21130.5,21410.5,22542,1200,0
2022-09-11,21433.5,21866.5,21359.5,21636.5,22135,1050,0
2022-09-12,21636.0,22503.5,21462.0,22407.5,44504,0,0
2022-09-13,22410.5,22788.0,20021.0,20234.5,50080,0,0
2022-09-14,20231.5,20521.0,19603.5,19940.5,36289,1200,0
2022-09-15,19931.5,20376.5,19359.5,19827.5,38908,750,0
2022-09-16,19840.5,19882.5,19227.5,19721.5,29002,50,0
2022-09-17,19742.5,20174.5,19686.5,20069.5,14764,1200,0
2022-09-18,20072.5,20136.5,19555.5,19705.5,16850,1200,0
2022-09-19,19715.5,19715.5,18184.0,19509.5,41046,0,0
2022-09-20,19515.5,19674.5,18723.5,18958.5,83290,1200,0
2022-09-21,18965.5,19906.59,18670.0,18889.5,88308,1200,0
2022-09-22,18917.5,19494.0,18142.5,19242.5,111441,1200,0
2022-09-23,19240.5,19513.0,18524.0,18837.0,91645,1200,0
2022-09-24,18846.0,19393.0,18798.0,19138.5,56066,1200,0
2022-09-25,19138.0,19167.0,18803.5,18901.0,50640,1200,0
2022-09-26,18897.0,19305.0,18626.0,19113.0,97091,1200,0
2022-09-27,19108.0,20370.0,18811.5,19049.0,123064,1200,0
2022-09-28,19064.5,19652.5,18469.0,19561.5,113609,1200,0
2022-09-29,19560.5,19768.5,18839.5,19495.0,110363,1200,0
2022-09-30,19510.0,20174.5,19163.0,19411.0,104430,1200,0
2022-10-01,19415.5,19477.5,19158.5,19241.0,51800,1200,0
2022-10-02,19246.0,19388.5,19031.0,19231.01,65066,1200,0
2022-10-03,19217.56,19642.5,18913.0,19591.5,91046,1200,0
2022-10-04,19590.5,20445.5,19493.5,20353.0,100823,1200,0
2022-10-05,20328.0,20402.0,19739.0,20018.5,83936,1200,0
2022-10-06,19982.5,20446.5,19875.5,20039.5,97200,1200,0
2022-10-07,20046.5,20054.5,19319.0,19547.0,72917,1200,0
2022-10-08,19546.5,19639.5,19415.5,19447.5,35459,1200,0
2022-10-09,19449.5,19553.5,19249.5,19481.5,36845,1200,0
2022-10-10,19478.5,19521.5,19091.0,19234.5,59917,1200,0
2022-10-11,19233.5,19274.5,18849.0,19008.5,67852,1200,0
2022-10-12,19013.5,19196.0,18969.0,19155.5,53683,1200,0
2022-10-13,19162.5,19500.5,18154.26,19381.0,71586,1200,0
2022-10-14,19380.0,19945.5,19105.5,19178.5,84203,1200,0
2022-10-15,19170.0,19221.0,19035.0,19094.5,31573,1200,0
2022-10-16,19089.5,19421.5,18978.5,19331.5,30552,1200,0
2022-10-17,19326.5,19671.5,19096.5,19524.5,54855,1200,0
2022-10-18,19521.5,19694.5,19086.5,19368.0,58659,1200,0
2022-10-19,19360.5,19373.0,19071.0,19192.5,47467,1200,0
2022-10-20,19189.5,19340.5,18917.5,19019.5,44407,1200,0
2022-10-21,19024.0,19247.5,18656.76,19173.5,46687,1200,0
2022-10-22,19175.5,19248.5,19106.0,19211.5,19856,1200,0
2022-10-23,19211.0,19517.5,19068.5,19489.5,25441,1200,0
2022-10-24,19492.0,19685.5,19154.5,19370.5,50773,1200,0
2022-10-25,19380.5,20410.0,19233.5,20190.0,50493,1200,0
2022-10-26,20183.5,21013.0,19987.0,20753.0,76854,1200,0
2022-10-27,20745.5,20904.0,20249.0,20407.0,70749,1200,0
2022-10-28,20394.0,20747.0,19990.26,20638.5,69249,1200,0
2022-10-29,20628.0,21059.5,20553.5,20849.5,42016,1200,0
2022-10-30,20855.5,20931.5,20552.5,20686.5,35024,1200,0
2022-10-31,20682.5,20830.5,20231.5,20403.0,50911,1200,0
2022-11-01,20397.5,20678.0,20318.0,20471.0,40674,1200,0
2022-11-02,20472.0,20793.0,20096.0,20174.5,42039,1200,0
2022-11-03,20162.5,20383.5,20031.5,20233.5,45156,1200,0
2022-11-04,20231.5,21290.0,20154.0,21138.0,51810,1200,0
2022-11-05,21126.5,21465.5,21069.5,21348.0,31040,1200,0
2022-11-06,21347.5,21359.5,21103.5,21108.5,23360,1200,0
2022-11-07,21118.5,21169.0,20575.0,20660.5,51203,1200,0
2022-11-08,20678.0,20678.0,16948.0,18671.0,87941,1200,0
2022-11-09,18688.0,18713.0,15625.0,15748.0,141732,1500,0
2022-11-10,15706.0,18122.0,15548.0,17780.0,141387,1200,0
2022-11-11,17794.0,17838.0,16334.0,16745.0,116734,1300,0
2022-11-12,16744.0,17067.0,16677.0,16785.0,45621,1300,0
2022-11-13,16784.0,16914.0,16209.0,16366.0,51870,1300,0
2022-11-14,16343.0,17138.0,15782.0,16376.0,92542,1400,0
2022-11-15,16367.0,17094.0,16321.0,16867.5,78211,1200,0
2022-11-16,16880.5,16973.5,16345.0,16527.0,69848,1200,0
2022-11-17,16523.0,16738.88,16429.64,16687.68,25205,417,0
2022-11-18,16688.52,16969.0,16528.5,16636.5,50704,0,0
2022-11-19,16629.5,16706.0,16537.0,16654.5,29170,1200,0
2022-11-20,16655.0,16793.5,16187.0,16228.0,38673,1200,0
2022-11-21,16246.0,16324.0,15462.0,15603.0,81313,1200,0
2022-11-22,15621.5,16274.5,15590.5,16127.0,81691,1200,0
2022-11-23,16117.5,16664.0,16070.5,16471.5,80294,1200,0
2022-11-24,16463.5,16781.0,16436.5,16537.0,67983,1200,0
2022-11-25,16533.5,16616.0,16331.0,16498.0,63000,1200,0
2022-11-26,16486.0,16680.0,16406.5,16501.0,57267,1200,0
2022-11-27,16501.0,16580.0,16377.5,16564.0,45743,1200,0
2022-11-28,16561.5,16580.0,15984.0,16186.5,79880,1200,0
2022-11-29,16190.0,16531.0,16090.5,16450.0,55042,1200,0
2022-11-30,16452.0,17141.5,16417.0,17095.0,56926,1200,0
2022-12-01,17098.0,17286.0,16852.5,16923.5,55749,1200,0
2022-12-02,16918.5,17101.0,16793.0,17007.0,48240,1200,0
2022-12-03,17007.0,17143.0,16877.5,16944.0,39335,1200,0
2022-12-04,16942.0,17146.0,16863.0,17110.0,47347,1200,0
2022-12-05,17107.5,17410.0,16866.5,16963.0,51305,1200,0
2022-12-06,16964.5,17096.0,16908.0,16987.0,39060,1200,0
2022-12-07,16980.5,17127.0,16687.0,16825.0,39939,1200,0
2022-12-08,16819.0,17292.0,16740.5,17171.5,35978,1200,0
2022-12-09,17175.0,17333.0,17057.0,17106.0,24644,1200,0
2022-12-10,17105.0,17219.0,17102.0,17123.0,12382,1200,0
2022-12-11,17118.0,17261.0,17081.5,17106.0,13191,1200,0
2022-12-12,17107.0,17211.0,16871.0,17167.0,25329,1200,0
2022-12-13,17172.0,17956.0,17072.0,17743.0,36468,1200,0
2022-12-14,17746.0,18357.0,17657.0,17820.0,40856,1100,0
2022-12-15,17822.0,17849.0,17317.0,17383.0,24390,1200,0
2022-12-16,17392.0,17516.5,16738.0,16831.5,32643,1200,0
2022-12-17,16829.0,16867.0,16551.5,16712.5,20770,1200,0
2022-12-18,16712.0,16795.5,16660.0,16756.5,14566,1200,0
2022-12-19,16749.0,16845.0,16516.0,16577.0,23276,1200,0
2022-12-20,16578.0,17050.0,16271.0,16874.0,36796,1200,0
2022-12-21,16873.0,16918.0,16725.5,16778.5,28365,1200,0
2022-12-22,16788.0,16859.5,16555.0,16783.5,27187,1200,0
2022-12-23,16778.5,16918.0,16746.0,16807.0,21949,1200,0
2022-12-24,16801.5,16849.0,16755.0,16821.0,9838,1200,0
2022-12-25,16818.0,16847.0,16719.0,16815.5,7365,1200,0
2022-12-26,16821.5,16913.0,16785.5,16825.0,11261,1200,0
2022-12-27,16825.0,16962.0,16574.0,16684.0,19111,1200,0
2022-12-28,16683.5,16768.5,16456.0,16513.0,23931,1200,0
2022-12-29,16510.5,16648.0,16456.0,16585.0,19148,1200,0
2022-12-30,16587.0,16645.0,16329.5,16572.0,23326,1200,0
2022-12-31,16569.5,16628.5,16519.0,16532.5,12537,1200,0
2023-01-01,16533.0,16612.0,16457.0,16597.0,14404,1200,0
2023-01-02,16597.0,16782.5,16540.5,16757.0,14802,1200,0
2023-01-03,16745.0,16764.0,16594.0,16653.5,21128,1200,0
2023-01-04,16652.0,16978.0,16636.5,16813.0,25216,1200,0
2023-01-05,16814.0,16866.0,16749.0,16839.0,15878,1200,0
2023-01-06,16837.0,17022.0,16669.0,16919.0,19321,1200,0
2023-01-07,16921.0,16971.0,16895.0,16932.0,12073,1200,0
2023-01-08,16933.0,17010.0,16907.0,16948.5,9743,1200,0
2023-01-09,16948.0,17393.0,16945.0,17171.0,28525,1200,0
2023-01-10,17174.0,17489.0,17123.5,17460.0,25773,1200,0
2023-01-11,17445.0,17574.5,17305.0,17552.0,26657,1200,0
2023-01-12,17553.0,19105.0,17511.5,18814.0,69125,1200,0
2023-01-13,18828.5,19896.0,18710.5,19814.5,66277,1200,0
2023-01-14,19807.5,21295.5,19739.0,20893.0,83482,1100,0
2023-01-15,20898.0,21070.0,20563.0,20904.0,60027,1200,0
2023-01-16,20900.0,21436.0,20622.5,21126.5,86037,1200,0
2023-01-17,21126.5,21575.0,20854.5,21321.5,74075,1200,0
2023-01-18,21308.5,21635.0,20394.0,20765.5,75946,1200,0
2023-01-19,20772.5,21184.01,20623.0,20939.5,80630,1200,0
2023-01-20,20927.5,22433.51,20859.46,22323.5,96163,1200,0
2023-01-21,22308.0,23363.77,22307.0,23187.51,127679,1200,0
2023-01-22,23167.68,23186.26,22295.26,22588.0,109754,1200,0
2023-01-23,22590.0,23171.51,22513.26,22990.0,88484,1200,0
2023-01-24,22994.0,23163.84,22703.08,22882.0,82840,1200,0
2023-01-25,22899.0,23679.0,22327.4,23588.0,95855,1200,0
2023-01-26,23586.0,23798.0,22813.51,23069.0,97037,1200,0
2023-01-27,23076.0,23500.72,22530.01,23092.0,84952,1200,0
2023-01-28,23086.0,23191.76,22884.76,22996.26,67409,1200,0
2023-01-29,22996.81,23961.26,22960.51,23787.5,98970,1200,0
2023-01-30,23790.0,23879.26,22536.37,22731.0,96138,1200,0
2023-01-31,22741.0,23215.63,22503.0,22931.0,84235,1200,0
2023-02-01,22945.0,23793.38,22749.51,23673.5,83654,1200,0
2023-02-02,23677.0,24250.31,23524.35,23573.5,93821,1200,0
2023-02-03,23431.0,23715.24,23204.45,23381.0,88481,1200,0
2023-02-04,23376.0,23582.51,23253.0,23412.26,41018,1200,0
2023-02-05,23414.51,23448.01,22750.01,22901.5,52176,1200,0
2023-02-06,22901.5,23147.76,22631.0,22904.0,71377,1200,0
2023-02-07,22906.0,23342.76,22636.01,23209.0,83594,1200,0
2023-02-08,23192.0,23445.56,22667.26,22954.0,79607,1200,0
2023-02-09,22953.0,23009.89,21661.01,21836.5,90882,1200,0
2023-02-10,21852.0,21954.5,21466.26,21548.0,82341,1200,0
2023-02-11,21536.0,21841.83,21519.5,21818.01,58648,1200,0
2023-02-12,21821.01,22075.51,21703.26,21739.0,56278,1200,0
2023-02-13,21735.5,21895.5,21351.01,21624.0,95876,1200,0
2023-02-14,21625.0,22326.26,21529.51,22248.0,92998,1200,0
2023-02-15,22246.0,24340.76,22045.51,24166.0,88897,1200,0
2023-02-16,24170.0,25250.76,24119.01,24517.5,105048,1200,0
2023-02-17,24534.0,25027.01,23332.66,24585.5,113842,1200,0
2023-02-18,24476.5,24865.94,24057.0,24615.51,76360,1200,0
2023-02-19,24616.51,25202.26,24251.48,24540.0,93702,1200,0
2023-02-20,24539.5,25101.26,23834.6,24765.5,136800,1200,0
2023-02-21,24766.5,25253.34,24146.01,24181.0,108973,1200,0
2023-02-22,24193.0,24477.81,23575.51,23799.0,149231,1200,0
2023-02-23,23797.0,24596.26,23608.51,23878.0,140370,1200,0
2023-02-24,23872.5,24126.76,22833.12,23112.0,128670,1200,0
2023-02-25,23088.0,23212.63,22756.51,22934.26,97931,1200,0
2023-02-26,22936.26,23686.26,22908.34,23556.0,111007,1200,0
2023-02-27,23559.0,23889.26,23117.62,23378.5,125923,1200,0
2023-02-28,23377.0,23589.5,23017.76,23149.0,115528,1200,0
2023-03-01,23143.0,23992.25,23020.76,23539.0,118519,1200,0
2023-03-02,23554.0,23792.26,23185.76,23416.0,124547,1200,0
2023-03-03,23405.5,23555.0,21968.97,22236.5,92478,1200,0
2023-03-04,22234.5,22404.75,22153.26,22210.5,47518,1200,0
2023-03-05,22210.51,22651.44,22181.24,22480.5,65124,1200,0
2023-03-06,22479.0,22595.76,22259.01,22402.0,66141,1200,0
2023-03-07,22405.0,22547.14,21926.01,22043.0,79786,1200,0
2023-03-08,22047.0,22275.51,21831.42,21999.5,97458,1200,0
2023-03-09,21998.0,22005.0,20023.58,20241.0,100625,1200,0
2023-03-10,20213.0,20462.0,19550.51,20085.5,97058,1200,0
2023-03-11,20091.5,20869.41,19871.26,20502.51,99583,1200,0
2023-03-12,20506.88,21553.01,20443.76,21480.14,76352,1200,0
2023-03-13,21496.76,24619.59,21305.0,24241.76,110695,1200,0
2023-03-14,24238.51,26541.25,24015.01,24697.75,100409,1200,0
2023-03-15,24624.5,25299.25,23918.25,24383.75,114478,1200,0
2023-03-16,24364.0,25228.57,24202.57,24728.07,103482,1200,0
2023-03-17,24742.25,27029.34,24742.25,26797.42,100297,1200,0
2023-03-18,26821.37,27828.84,26701.75,27423.0,102016,1200,0
2023-03-19,27398.75,28448.1,26879.96,28334.99,95836,1200,0
2023-03-20,28336.99,28560.7,27229.63,27880.84,101200,1200,0
2023-03-21,27857.5,28516.76,27398.34,28186.3,98830,1200,0
2023-03-22,28206.28,28931.0,26651.07,27360.88,71513,1200,0
2023-03-23,27381.75,28830.5,27035.5,28318.25,76537,1200,0
2023-03-24,28324.25,28497.42,27378.5,27631.12,92866,1200,0
2023-03-25,27610.62,27836.0,27172.56,27367.5,67049,1200,0
2023-03-26,27378.27,28288.47,27363.29,27802.5,53887,1200,0
2023-03-27,27794.54,28170.25,26487.75,27030.25,70209,1200,0
2023-03-28,27042.18,27523.29,26628.25,27338.04,67792,1200,0
2023-03-29,27309.54,28663.04,27099.93,28385.9,71875,1200,0
2023-03-30,28379.9,29171.2,27682.36,28141.5,66457,1200,0
2023-03-31,28148.0,28652.63,27485.25,28382.0,67248,1200,0
2023-04-01,28396.0,28817.84,28228.61,28446.78,63681,1200,0
2023-04-02,28443.75,28569.5,27865.83,28080.5,57950,1200,0
2023-04-03,28076.0,28510.25,27474.0,27597.0,73982,1200,0
2023-04-04,27589.0,28449.0,27224.5,28266.5,38493,1200,0
2023-04-05,28257.0,28778.5,27809.0,28147.0,32209,1200,0
2023-04-06,28151.0,28239.0,27704.5,27999.5,24985,1200,0
2023-04-07,27992.0,28110.0,27778.5,27884.0,15331,1200,0
2023-04-08,27885.0,28180.5,27870.0,27940.0,9397,1200,0
2023-04-09,27926.0,28265.0,27816.0,28128.0,11984,1200,0
2023-04-10,28132.0,29317.0,28132.0,29130.0,29149,1200,0
2023-04-11,29139.0,30578.0,29112.0,30187.0,33777,1200,0
2023-04-12,30191.0,30506.5,29667.0,29959.5,29425,1200,0
2023-04-13,29961.0,30610.0,29820.0,30290.0,26595,1200,0
2023-04-14,30277.0,31016.0,30003.0,30454.0,36950,1200,0
2023-04-15,30460.0,30614.0,30231.0,30311.0,16113,1200,0
2023-04-16,30309.0,30572.0,30145.0,30346.0,15907,1200,0
2023-04-17,30356.0,30432.0,29242.0,29458.0,24754,1200,0
2023-04-18,29452.0,30487.0,29107.0,30395.0,25950,1200,0
2023-04-19,30406.0,30431.0,29019.0,29245.0,34004,1200,0
2023-04-20,29247.0,29253.0,27995.5,28207.5,47545,1200,0
2023-04-21,28200.0,28367.0,27166.0,27269.5,41117,1200,0
2023-04-22,27258.5,27785.0,27129.0,27638.5,20641,1200,0
2023-04-23,27633.0,27880.0,27329.0,27492.5,24238,1200,0
2023-04-24,27507.0,27997.0,26961.0,27445.5,37430,1200,0
2023-04-25,27451.5,28045.0,27182.5,28000.0,28794,1200,0
2023-04-26,27972.5,30018.0,27231.0,28286.0,46397,1200,0
2023-04-27,28420.0,29891.0,28098.0,29605.0,58741,1200,0
2023-04-28,29631.5,29782.0,28888.0,29337.0,36284,1200,0
2023-04-29,29344.0,29456.0,29052.5,29241.0,13776,1200,0
2023-04-30,29235.5,29959.0,29105.0,29332.0,21750,1200,0
2023-05-01,29341.0,29497.0,27660.5,27670.5,35848,1200,0
2023-05-02,27669.5,28891.0,27661.5,28688.5,32874,1200,0
2023-05-03,28688.0,28831.0,28124.0,28516.5,37123,1200,0
2023-05-04,28524.0,29377.0,28524.0,28870.5,33315,1200,0
2023-05-05,28878.5,29700.0,28755.0,29540.5,34728,1200,0
2023-05-06,29516.0,29849.0,28401.5,28849.0,29424,1200,0
2023-05-07,28849.5,29184.0,28689.0,28942.0,20309,1200,0
2023-05-08,28948.0,28992.5,27279.5,27543.5,42360,1200,0
2023-05-09,27543.5,27827.5,27362.5,27643.5,29088,1200,0
2023-05-10,27654.5,28325.5,26785.0,27878.5,34525,1200,0
2023-05-11,27872.5,27883.0,26711.5,27006.0,38345,1200,0
2023-05-12,27004.5,27092.5,25810.5,26420.5,37550,1200,0
2023-05-13,26441.5,27056.5,26441.5,26913.5,21226,1200,0
2023-05-14,26910.5,27205.0,26581.0,26944.5,17508,1200,0
2023-05-15,26948.5,27672.5,26726.0,27345.0,30432,1200,0
2023-05-16,27346.5,27381.5,26853.0,26955.5,27175,1200,0
2023-05-17,26951.5,27461.0,26541.5,27339.5,28889,1200,0
2023-05-18,27333.0,27494.5,26356.5,26721.5,34086,1200,0
2023-05-19,26716.0,27182.0,26638.5,26837.5,23889,1200,0
2023-05-20,26831.5,27158.0,26825.5,27013.5,9526,1200,0
2023-05-21,27017.5,27279.5,26796.5,26845.5,12633,1200,0
2023-05-22,26843.5,27088.0,26533.5,26897.5,21067,1200,0
2023-05-23,26891.5,27491.0,26798.5,27209.5,22237,1200,0
2023-05-24,27209.5,27250.5,26060.5,26397.5,26734,1200,0
2023-05-25,26393.5,26617.0,25862.0,26486.5,23104,1200,0
2023-05-26,26485.5,26942.0,26326.5,26757.5,18325,1200,0
2023-05-27,26753.5,26848.0,26557.5,26753.5,8769,1200,0
2023-05-28,26756.0,27739.5,26739.5,27558.0,17272,1200,0
2023-05-29,27556.5,28446.5,27532.5,27685.0,25458,1200,0
2023-05-30,27683.0,28056.0,27552.5,27767.0,22450,1200,0
2023-05-31,27765.0,27850.0,26838.0,27111.5,25422,1200,0
2023-06-01,27113.5,27347.0,26621.5,26870.5,22118,1200,0
2023-06-02,26870.5,27293.5,26510.5,27189.5,22497,1200,0
2023-06-03,27179.5,27328.0,27035.0,27065.0,9881,1200,0
2023-06-04,27065.5,27305.5,26924.5,27238.5,8656,1200,0
2023-06-05,27244.0,27460.5,25392.0,25627.5,32413,1200,0
2023-06-06,25634.5,27208.0,25342.0,26954.0,34658,1200,0
2023-06-07,26938.0,27383.0,26248.5,26362.5,38950,1200,0
2023-06-08,26356.5,26819.5,26126.5,26652.0,24426,1200,0
2023-06-09,26641.5,26780.0,26284.0,26429.0,19384,1200,0
2023-06-10,26433.5,26527.5,25367.0,25764.0,36211,1200,0
2023-06-11,25755.0,26207.0,25643.0,26126.0,19913,1700,0
2023-06-12,26128.0,26145.0,25618.0,25877.0,28286,1200,0
2023-06-13,25889.0,26414.0,25706.5,25837.5,31913,1200,0
2023-06-14,25843.0,26071.0,24806.0,24936.5,23614,1200,0
2023-06-15,24917.5,25474.0,24744.0,25463.0,33614,1600,0
2023-06-16,25533.0,26490.0,25124.0,26390.0,32914,1200,0
2023-06-17,26386.0,26786.0,26166.0,26528.0,20408,1200,0
2023-06-18,26528.0,26689.0,26353.0,26463.0,15077,1200,0
2023-06-19,26464.0,27040.0,26249.0,26713.0,23376,1200,0
2023-06-20,26706.0,28253.0,26640.0,28166.0,36719,1200,0
2023-06-21,28163.0,30758.5,28073.0,29937.0,54757,1300,0
2023-06-22,29976.0,30494.0,29544.0,30156.0,42491,1300,0
2023-06-23,30154.0,31408.0,29803.0,30911.78,43486,1300,0
2023-06-24,30904.78,30922.78,30253.0,30503.0,29297,1900,0
2023-06-25,30513.0,31042.0,30276.5,30368.78,28282,2000,0
2023-06-26,30367.78,30661.0,29928.0,30172.78,33855,1300,0
2023-06-27,30155.78,30998.0,30099.0,30633.78,29700,1300,0
2023-06-28,30633.78,30725.0,29858.0,30086.78,29658,1300,0
2023-06-29,30087.78,30823.0,30013.78,30400.78,26211,1300,0
2023-06-30,30391.78,31261.01,29490.0,30372.78,85436,1200,0
2023-07-01,30380.78,30653.0,30314.0,30585.0,14969,1300,0
2023-07-02,30590.0,30674.0,30164.0,30583.78,13305,1300,0
2023-07-03,30583.78,31384.0,30425.0,31120.78,26673,1300,0
2023-07-04,31118.78,31325.0,30624.0,30786.78,22024,1400,0
2023-07-05,30788.78,30871.0,30184.0,30467.78,20376,1400,0
2023-07-06,30461.78,31505.0,29889.0,30303.78,35290,1400,0
2023-07-07,30307.78,30447.0,29711.0,30265.78,26912,1300,0
2023-07-08,30264.78,30386.0,30045.0,30168.0,9157,1300,0
2023-07-09,30162.0,30443.0,30116.0,30187.78,9280,1400,0
2023-07-10,30191.78,31057.0,29953.0,30775.78,21395,1300,0
2023-07-11,30770.78,30813.0,30195.0,30561.78,22199,1400,0
2023-07-12,30563.78,30963.0,30200.0,30330.78,22927,1400,0
2023-07-13,30342.78,31818.0,30241.0,31344.78,31995,1400,0
2023-07-14,31375.78,31629.0,29913.0,30202.53,35729,1200,0
2023-07-15,30192.53,30395.0,30161.0,30303.0,9318,2000,0
2023-07-16,30302.0,30447.0,30065.0,30278.53,9876,2000,0
2023-07-17,30276.53,30388.0,29669.0,29934.53,20096,1300,0
2023-07-18,29932.53,30292.0,29527.0,29771.53,22692,1300,0
2023-07-19,29776.53,30192.0,29750.53,29953.53,18065,1300,0
2023-07-20,29961.53,30416.0,29571.0,29723.53,21175,1300,0
2023-07-21,29728.53,30054.0,29719.0,29878.53,13228,1300,0
2023-07-22,29874.53,29996.0,29801.0,29821.0,6783,1300,0
2023-07-23,29822.0,30340.0,29623.0,30138.53,10196,1300,0
2023-07-24,30138.53,30138.53,28839.0,29137.53,21126,1300,0
2023-07-25,29136.53,29369.0,29040.0,29219.53,11229,1300,0
2023-07-26,29221.53,29673.0,29086.0,29586.53,14419,1394,0
2023-07-27,29571.53,29651.53,29067.0,29125.53,13545,1394,0
2023-07-28,29131.53,29528.0,29108.0,29329.53,11236,1394,0
2023-07-29,29330.53,29398.0,29248.0,29347.0,4627,1394,0
2023-07-30,29346.0,29445.0,29020.0,29271.53,6675,1494,0
2023-07-31,29270.53,29522.0,29096.0,29199.53,11784,1394,0
2023-08-01,29197.53,29337.0,28556.0,29205.53,16324,1394,0
2023-08-02,29208.53,30033.0,28902.0,29105.53,23109,1394,0
2023-08-03,29111.53,29389.0,28930.0,29279.53,13479,1394,0
2023-08-04,29271.53,29308.53,28770.0,28920.53,11688,1394,0
2023-08-05,28920.53,29102.0,28913.53,29027.0,5363,1394,0
2023-08-06,29026.0,29116.0,28953.0,29059.53,4080,1694,0
2023-08-07,29073.53,29178.0,28656.0,29156.53,13443,1394,0
2023-08-08,29153.53,29998.0,29101.0,29982.53,16860,1394,0
2023-08-09,29991.53,30221.53,29342.16,29467.59,82237,1200,0
2023-08-10,29467.61,29709.54,29306.48,29402.71,71237,1200,0
2023-08-11,29415.44,29534.19,29148.52,29383.84,96965,1200,0
2023-08-12,29385.98,29471.07,29323.47,29401.62,75927,1200,0
2023-08-13,29397.25,29443.93,29269.89,29400.55,76724,1200,0
2023-08-14,29404.97,29665.32,29046.52,29358.82,114448,1200,0
2023-08-15,29355.47,29458.47,29036.77,29163.68,104733,1200,0
2023-08-16,29163.45,29222.66,28809.0,28927.57,117325,1200,0
2023-08-17,28923.48,28947.23,27451.02,27576.95,140031,1200,0
2023-08-18,27626.68,27678.52,24144.13,26103.82,154515,1200,0
2023-08-19,26062.67,26258.5,25791.86,26040.77,141277,1200,0
2023-08-20,26045.35,26292.91,25961.78,26219.0,83886,1200,0
2023-08-21,26230.26,26230.26,25810.74,26110.57,135307,1200,0
2023-08-22,26093.62,26248.23,25711.36,25853.76,121925,1200,0
2023-08-23,25784.91,26814.41,25303.7,26580.81,125958,1200,0
2023-08-24,26506.09,26610.01,25812.67,26007.28,120573,1200,0
2023-08-25,26011.79,26288.5,25715.63,26045.35,111571,1200,0
2023-08-26,26043.41,26105.31,25955.88,26015.47,87817,1200,0
2023-08-27,26013.54,26166.29,25942.38,26078.52,86579,1200,0
2023-08-28,26084.39,26238.24,25836.5,25970.99,102129,1200,0
2023-08-29,25970.49,28136.4,25898.69,27591.43,107222,1200,0
2023-08-30,27574.25,27777.58,26970.89,27250.65,123192,1200,0
2023-08-31,27248.94,27556.92,25850.96,25962.0,113374,1200,0
2023-09-01,25998.47,26130.86,25311.9,25757.77,122802,1200,0
2023-09-02,25753.3,25979.85,25420.29,25840.45,111493,1200,0
2023-09-03,25840.7,26126.68,25794.19,26047.14,113627,1200,0
2023-09-04,26035.71,26090.72,25693.85,25822.33,92481,1200,0
2023-09-05,25820.26,25878.97,25537.15,25694.41,110799,1200,0
2023-09-06,25696.83,26007.01,25315.0,25654.38,111177,1200,0
2023-09-07,25656.29,26006.82,25587.42,26006.71,80059,1200,0
2023-09-08,25997.27,26438.23,25590.22,25889.89,105411,1200,0
2023-09-09,25898.44,25934.19,25770.44,25857.52,73937,1200,0
2023-09-10,25851.91,25908.25,25507.02,25812.01,99900,1200,0
2023-09-11,25808.14,26002.63,24869.28,25063.72,124524,1200,0
2023-09-12,25083.93,26544.26,25044.51,26074.42,132009,1200,0
2023-09-13,26067.3,26403.46,25756.18,26224.85,119130,1200,0
2023-09-14,26217.52,26843.7,26121.57,26572.75,94410,1200,0
2023-09-15,26574.15,26686.54,26210.89,26401.92,110388,1200,0
2023-09-16,26411.69,26882.54,26009.57,26531.7,113476,1200,0
2023-09-17,26532.1,26619.15,26411.07,26411.07,95645,1200,0
2023-09-18,26441.2,27419.71,26370.5,26766.49,130392,1200,0
2023-09-19,26766.96,27489.69,26668.81,27180.74,119802,1200,0
2023-09-20,27185.48,27385.24,26790.26,27069.52,133239,1200,0
2023-09-21,27083.96,27240.75,26348.5,26579.67,140393,1200,0
2023-09-22,26581.82,26738.63,26460.37,26529.67,104250,1200,0
2023-09-23,26534.11,26633.93,26473.19,26589.11,71641,1200,0
2023-09-24,26584.0,26733.35,26335.76,26498.51,59259,1200,0
2023-09-25,26499.35,26519.55,25975.83,26300.02,113702,1200,0
2023-09-26,26269.47,26391.8,26073.47,26141.95,84518,1200,0
2023-09-27,26142.04,26829.91,26073.3,26233.02,98529,1200,0
2023-09-28,26231.85,27302.29,26216.84,27093.37,109388,1200,0
2023-09-29,27079.16,27239.8,26625.41,26895.28,116716,1200,0
2023-09-30,26900.13,27092.2,26855.99,27061.9,91737,1200,0
2023-10-01,27060.89,27284.08,26949.22,27105.67,98298,1200,0
2023-10-02,27119.93,28596.49,27084.92,27830.02,135924,1200,0
2023-10-03,27837.48,27871.31,27150.38,27390.05,120788,1200,0
2023-10-04,27390.12,27832.38,27193.65,27655.21,118921,1200,0
2023-10-05,27635.66,28119.22,27351.09,27454.29,111922,1200,0
2023-10-06,27470.88,28054.75,27169.37,27987.01,110048,1200,0
2023-10-07,27991.63,28274.32,27847.23,27933.98,90066,1200,0
2023-10-08,27928.4,28104.59,27694.46,27918.02,107079,1200,0
2023-10-09,27916.47,28001.43,27261.8,27578.15,122137,1200,0
2023-10-10,27576.71,27738.91,27289.39,27398.5,117565,1200,0
2023-10-11,27399.21,27476.52,26516.33,26696.53,126183,1200,0
2023-10-12,26702.27,26935.13,26537.41,26723.09,127350,1200,0
2023-10-13,26735.39,27053.56,26665.31,26949.24,105626,1200,0
2023-10-14,26981.98,27073.9,26749.13,26845.56,98774,1200,0
2023-10-15,26842.96,27239.37,26784.31,27192.63,94004,1200,0
2023-10-16,27200.9,30420.62,27037.06,28354.69,134423,1200,0
2023-10-17,28406.26,28630.57,28071.18,28462.49,136313,1200,0
2023-10-18,28443.75,28996.38,28142.41,28249.56,116504,1200,0
2023-10-19,28253.12,28927.11,28099.44,28713.04,96694,1200,0
2023-10-20,28728.83,30254.13,28590.21,29580.51,137914,1200,0
2023-10-21,29583.0,30379.68,29470.16,30031.31,104935,1200,0
2023-10-22,30025.89,30275.65,29625.35,29859.04,109011,1200,0
2023-10-23,29855.51,31830.1,29715.18,31551.5,144458,1200,0
2023-10-24,31533.45,35453.34,31434.59,33622.52,129893,1200,0
2023-10-25,33629.15,35129.62,33472.79,34677.32,156863,1200,0
2023-10-26,34666.7,34843.14,33728.34,34186.72,156682,1200,0
2023-10-27,34177.74,34295.33,33336.44,33822.34,152430,1200,0
2023-10-28,33836.76,34530.0,33779.26,34132.34,109235,1200,0
2023-10-29,34134.28,34775.06,33937.38,34592.04,130862,1200,0
2023-10-30,34586.6,34876.55,34046.92,34447.84,132569,1200,0
2023-10-31,34415.71,34733.52,34036.1,34641.25,133832,1200,0
2023-11-01,34630.85,35470.19,34082.5,35319.77,125955,1200,0
2023-11-02,35435.85,35979.66,34309.78,34917.2,164539,1200,0
2023-11-03,34905.4,34978.4,34114.87,34611.57,133552,1200,0
2023-11-04,34606.36,34961.98,34561.35,34767.21,114158,1200,0
2023-11-05,34764.89,35333.59,34403.92,34668.87,140836,1200,0
2023-11-06,34663.54,35368.61,34663.54,35008.74,136145,1200,0
2023-11-07,35021.89,35917.78,34523.12,35518.67,133203,1200,0
2023-11-08,35491.45,35922.6,35085.57,35581.6,128345,1200,0
2023-11-09,35587.65,37997.16,35499.0,36528.71,165212,1200,0
2023-11-10,36528.25,37468.37,36325.15,37300.79,150476,1200,0
2023-11-11,37277.72,37520.99,36915.34,36985.7,133229,1200,0
2023-11-12,36979.95,37240.51,36624.63,37181.06,147190,1200,0
2023-11-13,37171.38,37438.28,36335.95,36513.65,144222,1200,0
2023-11-14,36479.54,36759.83,34619.76,35587.84,152419,1200,0
2023-11-15,35570.64,37857.49,35363.76,37645.18,154344,1200,0
2023-11-16,37637.12,37979.41,35495.98,35976.94,152122,1200,0
2023-11-17,35950.63,36807.78,35853.97,36424.08,134349,1200,0
2023-11-18,36405.65,36852.42,36198.88,36565.97,98275,1200,0
2023-11-19,36553.08,37083.62,36408.08,37022.09,92052,1200,0
2023-11-20,36984.92,37776.92,36645.52,37422.73,110602,1200,0
2023-11-21,37429.99,37670.0,36250.66,36835.69,133888,1200,0
2023-11-22,36837.75,37868.51,35600.58,37605.53,137306,1200,0
2023-11-23,37610.48,37758.23,36863.19,37247.83,126536,1200,0
2023-11-24,37256.13,38442.89,37188.6,37838.16,129969,1200,0
2023-11-25,37593.61,37911.03,37590.04,37824.62,97606,1200,0
2023-11-26,37825.31,37845.82,37131.94,37648.87,99268,1200,0
2023-11-27,37625.2,37780.63,36717.67,37026.87,123316,1200,0
2023-11-28,37027.45,38409.92,36876.7,37989.42,126359,1200,0
2023-11-29,37954.26,38501.0,37569.42,37715.13,118243,1200,0
2023-11-30,37730.46,38147.56,37470.18,37736.08,99332,1200,0
2023-12-01,37737.89,38997.55,37605.04,38799.02,118096,1200,0
2023-12-02,38781.24,39756.57,38656.11,39603.32,106255,1200,0
2023-12-03,39574.46,39851.25,39283.28,39718.82,107193,1200,0
2023-12-04,39719.0,42160.52,39719.0,42027.65,147022,1200,0
2023-12-05,42029.91,44219.5,41376.56,44028.29,145412,1200,0
2023-12-06,43890.08,44504.76,43339.5,43802.23,147041,1200,0
2023-12-07,43812.33,44051.76,42831.71,43379.38,141020,1200,0
2023-12-08,43375.66,44742.9,43076.79,44454.07,138976,1200,0
2023-12-09,44555.69,44555.69,43729.02,43994.18,128356,1200,0
2023-12-10,43976.49,44056.58,43581.77,43798.9,131759,1200,0
2023-12-11,43803.17,43894.33,40154.4,41054.22,150990,1200,0
2023-12-12,41126.97,42084.37,40634.23,41041.63,150676,1200,0
2023-12-13,41070.27,43174.71,40518.32,42933.01,135616,1200,0
2023-12-14,42975.9,43514.76,41559.81,42961.85,135456,1200,0
2023-12-15,42980.33,43197.7,41653.39,42178.29,121462,1200,0
2023-12-16,42115.65,42683.5,41609.1,42269.29,70470,1200,0
2023-12-17,42257.52,42363.47,41482.97,41892.63,127232,1200,0
2023-12-18,41850.91,42741.5,40491.89,42590.12,138597,1200,0
2023-12-19,42598.65,43450.65,41776.89,42444.66,129472,1200,0
2023-12-20,42478.37,44305.0,42184.35,43426.54,127247,1200,0
2023-12-21,43441.12,44261.94,43280.45,43994.52,143226,1200,0
2023-12-22,43992.49,44440.04,43414.61,43737.48,140102,1200,0
2023-12-23,43731.77,44081.03,43303.0,43782.13,128032,1200,0
2023-12-24,43786.46,43972.5,43428.21,43520.48,132520,1200,0
2023-12-25,43504.85,43786.8,42544.12,43527.39,139416,1200,0
2023-12-26,43512.27,43733.2,41491.78,42313.7,136034,1200,0
2023-12-27,42317.27,43554.19,42098.98,43360.13,125573,1200,0
2023-12-28,43370.91,43822.74,42271.06,42411.68,144714,1200,0
2023-12-29,42445.21,43148.96,41660.7,41925.45,132561,1200,0
2023-12-30,41922.91,42596.0,41235.34,42300.21,130314,1200,0
2023-12-31,42277.78,42862.94,41971.76,42491.5,128209,1200,0
2024-01-02,43618.03,45946.05,43328.62,45047.02,154556,1200,0
2024-01-03,45104.97,45522.67,40914.99,42898.81,152678,1200,0
2024-01-04,42922.84,44755.73,42593.37,44442.74,154778,1200,0
2024-01-05,44475.75,44795.88,42307.48,43943.43,143359,1200,0
2024-01-06,43953.37,44349.0,43433.74,43930.0,111004,1200,0
2024-01-07,43915.16,44496.42,43758.54,44247.5,109508,1200,0
2024-01-08,44245.27,47316.8,43178.9,47105.67,133551,1200,0
2024-01-09,47104.65,47934.0,44826.85,45557.02,135462,1200,0
2024-01-10,45404.76,46720.0,44324.7,45883.5,140213,1200,0
2024-01-11,45906.3,49048.6,45534.3,46163.76,132020,1200,0
2024-01-12,46147.26,46523.79,43134.54,43417.98,144562,1200,0
2024-01-13,43415.19,43415.19,41406.47,42962.61,151337,1200,0
2024-01-14,42948.11,43056.74,41931.55,42464.32,115117,1200,0
2024-01-15,42510.1,43320.0,41675.0,42703.8,50332,1200,0
2024-01-16,42645.0,43564.2,42022.0,43400.8,44840,1200,0
2024-01-17,43391.84,43487.0,42161.34,42641.4,40680,1200,0
2024-01-18,42601.27,42876.88,40575.64,41060.6,77435,1200,0
2024-01-19,41032.2,42143.4,40246.75,41582.2,71051,1200,0
2024-01-20,41574.4,41821.6,41414.6,41694.2,21733,1200,0
2024-01-21,41667.76,41849.0,41497.2,41755.5,17734,1200,0
2024-01-22,41754.2,41759.2,39384.98,39801.8,101009,1200,0
2024-01-23,39796.8,40138.0,38506.88,39210.58,99362,1200,0
2024-01-24,39179.7,40530.68,39155.0,39747.0,77389,1200,0
2024-01-25,39757.0,40277.18,39513.3,39912.01,58243,1200,0
2024-01-26,39892.8,42234.4,39804.65,41981.6,65181,1200,0
2024-01-27,41982.9,42165.8,41381.5,42133.4,20315,1200,0
2024-01-28,42127.2,42830.5,41666.6,41967.8,28594,1070,0
2024-01-29,41962.4,43291.4,41606.2,43208.3,51498,1200,0
2024-01-30,43171.8,43857.2,43066.8,43530.0,98861,1200,0
2024-01-31,43534.5,43736.6,42265.91,42414.2,89629,1200,0
2024-02-01,42457.6,43270.08,41840.2,43114.3,79176,1200,0
2024-02-02,43070.7,43452.15,42524.4,42971.5,58326,1200,0
2024-02-03,42967.3,43348.7,42855.2,43017.8,15381,1200,0
2024-02-04,43008.72,43091.93,42523.0,42749.4,18744,1200,0
2024-02-05,42750.5,43520.2,42211.2,42343.1,82382,1200,0
2024-02-06,42326.4,43361.8,42271.5,43170.1,75868,1200,0
2024-02-07,43143.6,44393.8,42758.9,44169.2,75335,1200,0
2024-02-08,44177.6,45624.25,44116.5,45341.98,76284,1200,0
2024-02-09,45328.85,48224.25,45229.24,47554.8,90276,1200,0
2024-02-10,47525.9,48170.04,46876.0,47927.0,39299,1200,0
2024-02-11,47936.1,48599.7,47576.48,48100.1,40455,1200,0
2024-02-12,48124.9,50353.7,47709.5,49850.1,88248,1200,0
2024-02-13,49837.6,50391.0,48304.8,49519.4,77339,1200,0
2024-02-14,49555.0,52066.8,49248.8,51789.7,89839,1200,0
2024-02-15,51769.2,52848.82,51355.6,51405.6,68697,1200,0
2024-02-16,51359.4,52607.65,51351.9,52034.0,75776,1200,0
2024-02-17,52000.2,52253.2,50631.0,51825.2,37657,1200,0
2024-02-18,51791.8,52072.0,51177.8,51876.6,24226,1200,0
2024-02-19,51865.2,52491.06,51686.0,51879.8,45237,1200,0
2024-02-20,51879.9,53006.6,50748.4,52058.22,74093,1200,0
2024-02-21,52011.5,52523.0,50635.85,51363.5,62172,1200,0
2024-02-22,51371.72,52059.88,50907.0,51606.4,60526,1200,0
2024-02-23,51638.3,51700.0,50621.0,50972.6,68463,1200,0
2024-02-24,50965.0,51682.6,50506.0,51566.4,18286,1200,0
2024-02-25,51545.0,51956.56,51268.8,51767.0,28118,1200,0
2024-02-26,51756.7,54965.52,50900.8,54639.65,64642,1200,0
2024-02-27,54655.34,57622.92,54475.2,56662.12,99044,1200,0
2024-02-28,56731.52,64105.9,56664.8,60506.94,123981,1200,0
2024-02-29,60555.8,63667.84,60357.7,61427.14,130246,1200,0
2024-03-01,61431.4,63226.1,60730.97,62618.92,98104,1200,0
2024-03-02,62578.04,62768.07,61613.0,61953.6,44528,1200,0
2024-03-03,61948.38,63020.88,61377.65,62839.05,46113,1200,0
2024-03-04,62847.01,67899.5,62312.76,67474.2,141677,1200,0
2024-03-05,67469.94,69245.2,59049.82,63302.1,152536,1200,0
2024-03-06,63324.24,67647.02,62516.22,66532.54,134900,1410,0
2024-03-07,66446.42,68070.54,65567.33,67358.87,93526,1400,0
2024-03-08,67333.4,70146.78,66174.76,68312.4,91926,1226,0
2024-03-09,68389.76,68676.27,68014.2,68518.4,30548,1200,0
2024-03-10,68491.75,70008.45,68347.4,69435.4,40793,1200,0
2024-03-11,69412.07,72865.4,67122.56,72076.2,87670,1410,0
2024-03-12,72099.32,73092.26,68631.08,71048.69,99421,1306,0
2024-03-13,71059.07,73673.28,70613.0,73167.2,83195,1200,0
2024-03-14,73133.54,73802.0,68498.7,70653.84,106103,1200,0
2024-03-15,70644.99,72367.8,65539.0,67807.8,146961,1420,0
2024-03-16,67808.39,70024.6,66599.0,67159.22,91088,1200,0
2024-03-17,67040.19,68632.0,64451.0,68242.0,87034,1200,0
2024-03-18,68227.42,68935.93,66553.0,67330.0,132008,1201,0
2024-03-19,67339.81,68139.61,62312.46,63820.06,172442,1200,0
2024-03-20,63718.32,67781.8,60769.8,67051.4,150951,1410,0
2024-03-21,67017.49,68215.6,64507.8,65402.4,101461,1410,0
2024-03-22,65377.62,66623.6,62534.0,63468.0,90104,1410,0
2024-03-23,63421.0,65987.8,62245.47,65006.2,67319,1200,0
2024-03-24,64924.49,66414.6,63775.0,66103.8,56805,1621,0
2024-03-25,66059.22,71156.8,66059.22,70909.4,79066,1556,0
2024-03-26,70848.95,71590.94,69288.9,69808.53,144360,1200,0
2024-03-27,69818.33,71740.67,68358.36,68806.49,173883,1200,0
2024-03-28,68847.66,71583.56,68842.75,70739.72,168182,1200,0
2024-03-29,70707.53,71086.11,69038.84,69630.61,158710,1200,0
2024-03-30,69638.38,70382.86,69540.77,69856.4,134668,1200,0
2024-03-31,69838.75,71237.98,69580.17,70854.02,124751,1200,0
2024-04-01,70844.08,71415.54,68059.47,69765.1,170780,1200,0
2024-04-02,69750.4,69944.63,64560.4,65730.83,192994,1200,0
2024-04-03,65647.85,66937.0,64464.11,65718.27,173593,1200,0
2024-04-04,65714.68,69339.67,65065.23,67938.06,180159,1200,0
2024-04-05,67937.25,68776.0,65939.14,67698.18,179288,1200,0
2024-04-06,67650.45,68510.91,67481.54,68392.68,126387,1200,0
2024-04-07,68393.9,70317.87,68304.95,69328.89,134442,1200,0
2024-04-08,69313.13,72752.82,68906.87,71658.37,158642,1200,0
2024-04-09,71690.84,72010.19,68182.37,69063.67,178856,1200,0
2024-04-10,69126.46,70128.94,67420.01,69770.6,182857,1200,0
2024-04-11,69784.93,71304.15,69529.75,70498.13,175704,1200,0
2024-04-12,70497.8,71251.93,64949.5,67014.29,166382,1200,0
2024-04-13,67101.81,67972.65,60292.92,62091.5,177083,1200,0
2024-04-14,61912.45,65684.2,61746.59,63885.41,192673,1200,0
2024-04-15,63857.91,66929.52,62298.36,63172.63,178595,1200,0
2024-04-16,63113.0,63929.93,61635.63,63032.42,196172,1200,0
2024-04-17,63043.87,64512.77,59680.06,60880.48,175951,1200,0
2024-04-18,60828.54,64180.88,60806.13,63462.59,188615,1200,0
2024-04-19,63522.28,65503.2,59563.24,63979.72,194300,1200,0
2024-04-20,64057.33,65457.15,62958.14,64723.56,166963,1200,0
2024-04-21,64744.72,65730.4,64230.45,64632.18,136424,1200,0
2024-04-22,64638.69,66866.58,64507.2,66499.76,174256,1200,0
2024-04-23,66526.87,67277.23,65820.15,66272.01,158378,1400,0
2024-04-24,66351.28,67086.2,63534.2,64064.64,161297,1400,0
2024-04-25,64041.97,64971.96,62755.5,64837.18,171742,1400,0
2024-04-26,64778.47,65270.93,63285.99,63901.77,150204,1400,0
2024-04-27,63933.22,63996.4,62371.92,63231.25,118942,1400,0
2024-04-28,63229.58,64329.97,63120.35,63656.98,99085,1400,0
2024-04-29,63649.55,63700.71,61755.72,62935.62,158585,1400,0
2024-04-30,62922.91,64707.01,59065.63,59840.06,168066,1400,0
2024-05-01,59849.5,60987.25,56451.03,57355.45,193091,1400,0
2024-05-02,57279.48,59587.68,56892.0,58729.43,184482,1400,0
2024-05-03,58728.27,63225.13,58697.17,62874.56,160141,1400,0
2024-05-04,62915.1,64552.64,62390.86,63912.36,158726,1400,0
2024-05-05,63868.0,64666.61,62908.12,63750.96,135591,1400,0
2024-05-06,63737.94,65526.4,62687.48,63297.42,161722,1400,0
2024-05-07,63293.26,64408.5,62774.95,62956.29,168074,1400,0
2024-05-08,62970.01,63155.63,61425.8,61573.77,168686,1400,0
2024-05-09,61548.65,62671.57,60595.63,62629.91,164406,1400,0
2024-05-10,62610.87,63478.13,60156.62,60469.57,161474,1400,0
2024-05-11,60502.88,61490.93,60502.88,60994.33,67707,1400,0
2024-05-12,61004.24,61849.02,60582.37,61257.74,101785,1400,0
2024-05-13,61247.84,63450.34,60723.14,63088.28,166916,1400,0
2024-05-14,63080.26,63108.19,61050.79,61527.4,150954,1400,0
2024-05-15,61577.59,66463.47,61301.61,65982.0,165086,1400,0
2024-05-16,65978.23,66746.49,64562.65,65264.71,166479,1400,0
2024-05-17,65273.92,67490.5,65102.16,66927.91,143005,1400,0
2024-05-18,66920.56,67394.52,66596.35,66980.52,99837,1400,0
2024-05-19,66974.11,67699.55,65878.67,66179.06,100256,1400,0
2024-05-20,66149.76,70459.23,65985.91,69473.36,122083,1400,0
2024-05-21,69534.03,71941.97,68927.79,69704.62,153604,1400,0
2024-05-22,69717.71,70660.9,69197.05,69393.2,150776,1400,0
2024-05-23,69372.91,70057.89,66224.93,67774.86,154387,1400,0
2024-05-24,67709.49,69251.54,66570.67,68893.87,159880,1400,0
2024-05-25,68815.61,69589.75,68467.97,69097.8,84660,1700,0
2024-05-26,69098.5,69511.95,68626.52,68672.0,103990,1400,0
2024-05-27,68658.18,70592.13,68030.41,69547.47,94532,1400,0
2024-05-28,69545.6,69783.43,67150.43,68209.75,136520,1400,0
2024-05-29,68248.17,68841.64,67068.52,67407.11,126380,1400,0
2024-05-30,67375.42,69500.03,67081.76,68441.61,125094,1400,0
2024-05-31,68480.48,69021.0,66554.89,67621.18,115133,1400,0
2024-06-01,67627.61,67816.27,67149.4,67743.08,74441,1400,0
2024-06-02,67734.17,68422.0,67249.02,67788.13,98819,1400,0
2024-06-03,67798.93,70286.61,67554.06,69091.7,122956,1400,0
2024-06-04,69063.1,71090.46,68534.55,70456.31,128850,1400,0
2024-06-05,70406.28,71789.97,70296.65,71234.81,125790,1400,0
2024-06-06,71206.11,71659.16,70084.47,70703.8,112801,1400,0
2024-06-07,70684.67,71945.14,68222.15,69212.51,93743,1400,0
2024-06-08,69259.15,69564.02,69126.59,69365.84,59972,1700,0
2024-06-09,69352.84,69867.28,69108.2,69693.22,66016,1400,0
2024-06-10,69694.32,70162.36,69139.17,69635.87,78149,1400,0
2024-06-11,69593.76,69667.15,65979.11,67217.85,126516,1400,0
2024-06-12,67268.86,70016.02,66880.31,68077.13,107597,1400,0
2024-06-13,68083.86,68620.55,66200.58,66638.44,139510,1400,0
2024-06-14,66664.51,67327.79,64968.99,65694.49,138461,1400,0
2024-06-15,65730.37,66578.03,65680.28,66017.47,100246,1400,0
2024-06-16,66001.89,66762.23,65974.81,66451.21,81417,1400,0
2024-06-17,66455.71,67264.32,65003.83,66411.59,134772,1400,0
2024-06-18,66362.96,66712.46,63924.58,64896.88,136571,1400,0
2024-06-19,64880.11,65710.54,64615.28,64831.16,80328,1400,0
2024-06-20,64846.84,66455.44,64492.57,65028.9,89889,1400,0
2024-06-21,65049.25,65143.37,63278.85,64098.62,101081,1400,0
2024-06-22,64159.16,64494.73,63893.94,64266.78,38137,1701,0
2024-06-23,64251.47,64492.42,63548.94,63648.9,47052,1400,0
2024-06-24,63662.62,63798.28,58380.03,59457.96,107704,1700,0
2024-06-25,59455.9,62383.52,59338.91,61891.43,94270,1701,0
2024-06-26,61880.47,62472.38,60628.89,60930.16,85931,1701,0
2024-06-27,60938.96,62318.07,60559.89,61423.25,90803,1701,0
2024-06-28,61394.56,62162.02,59795.81,60069.56,88241,1701,0
2024-06-29,60073.07,61119.95,59974.29,60932.97,46797,1701,0
2024-06-30,60939.72,62274.27,60601.18,61894.87,83122,1701,0
2024-07-01,61878.07,63784.55,61726.29,63222.93,113030,1701,0
2024-07-02,63199.95,63242.89,61720.7,61909.52,114103,1701,0
2024-07-03,61879.29,62193.56,59327.64,59573.01,110469,1700,0
2024-07-04,59529.02,60407.27,56716.95,58279.36,135906,1700,0
2024-07-05,58324.26,58735.35,53296.78,56341.17,136702,1701,0
2024-07-06,56343.71,58215.02,56018.91,57984.97,76883,1700,0
2024-07-07,57969.4,58480.68,56572.13,57276.84,82333,1701,0
2024-07-08,57248.02,58204.1,54270.75,56213.65,124037,1701,0
2024-07-09,56234.48,58286.75,56141.14,57886.56,108572,1701,0
2024-07-10,57920.99,59468.85,57118.47,57361.11,120340,1700,0
2024-07-11,57399.16,59524.0,57004.06,57545.58,121313,1701,0
2024-07-12,57549.92,58547.38,56530.4,57576.3,105638,1701,0
2024-07-13,57519.26,58965.98,57519.26,58628.94,58439,1701,0
2024-07-14,58615.79,60407.84,58292.74,60135.49,92385,1701,0
2024-07-15,60100.16,63871.67,60044.61,63812.03,115104,1701,0
2024-07-16,63765.42,65235.95,62415.93,64746.5,135283,1701,0
2024-07-17,64675.78,66134.61,63838.77,64527.42,132960,1701,0
2024-07-18,64522.57,65126.63,63226.24,63797.52,125351,1701,0
2024-07-19,63788.93,67455.19,63286.65,66965.26,111175,1701,0
2024-07-20,66984.13,67624.89,66213.78,67394.2,75162,1701,0
2024-07-21,67381.26,68237.86,65807.88,67736.52,112798,1700,0
2024-07-22,67730.96,68496.77,66559.36,68118.12,116357,1701,0
2024-07-23,68142.09,68142.09,65445.3,65895.51,131114,1701,0
2024-07-24,65846.97,67127.91,65465.72,66026.59,119873,1701,0
2024-07-25,66027.11,66027.11,63394.34,65109.95,138350,1700,0
2024-07-26,65272.32,68150.93,65218.55,67425.24,132093,1701,0
2024-07-27,67428.84,69422.77,66638.34,67898.24,98475,1701,0
2024-07-28,67765.9,69137.44,67048.33,68003.8,104158,1701,0
2024-07-29,67999.01,70033.59,66385.51,67376.12,124753,1701,0
2024-07-30,67360.85,67548.61,65263.01,66135.97,124455,1701,0
2024-07-31,66161.7,66826.98,64490.04,64548.31,95850,1701,0
2024-08-01,64553.54,65112.42,62209.49,64599.3,134101,1701,0
2024-08-02,64684.72,65599.75,61985.74,62574.69,135261,1701,0
2024-08-03,62537.53,62537.53,59867.78,60289.84,141872,1701,0
2024-08-04,60363.73,61077.68,57090.0,59147.61,179299,1701,0
2024-08-05,59116.96,59116.96,48738.92,54130.71,162484,1701,0
2024-08-06,54388.28,57073.75,53902.74,56542.12,151620,1701,0
2024-08-07,56566.76,57742.34,54636.69,55027.35,132692,1701,0
2024-08-08,55158.79,59884.22,54567.03,59547.6,115626,1701,0
2024-08-09,59496.5,62717.46,59434.32,60731.34,117007,1701,0
2024-08-10,60765.17,61493.04,59931.73,61030.37,72875,1701,0
2024-08-11,61015.77,61854.28,58248.56,58576.4,79329,1701,0
2024-08-12,58518.49,60718.86,57629.13,58831.73,120978,1701,0
2024-08-13,58839.29,61603.46,58427.42,60601.01,113252,1701,0
2024-08-14,60573.09,61804.27,58635.05,59127.2,98378,1701,0
2024-08-15,59150.31,59876.36,56062.76,56392.16,111488,1701,0
2024-08-16,56649.03,59854.33,56649.03,59263.26,109676,1701,0
2024-08-17,59280.08,59709.68,58739.58,59415.12,67197,1701,0
2024-08-18,59396.95,60282.94,59154.37,59832.18,63592,1701,0
2024-08-19,59820.39,59820.39,57802.86,59111.97,93673,1701,0
2024-08-20,59074.53,61436.74,58528.93,59337.56,90776,1701,0
2024-08-21,59310.84,61842.53,58780.3,61186.21,97336,1700,0
2024-08-22,61241.53,61519.42,59745.37,60607.4,113512,1701,0
2024-08-23,60693.21,63862.79,60304.09,63671.08,102052,1700,0
2024-08-24,63672.38,64987.13,63652.08,64175.59,91137,1701,0
2024-08-25,64164.07,64585.31,63591.88,64218.44,79402,1701,0
2024-08-26,64211.91,65035.76,63076.14,63444.85,91106,1701,0
2024-08-27,63440.58,63440.58,61438.32,61857.97,100842,1701,0
2024-08-28,61861.49,61957.2,57836.98,59330.59,124668,1701,0
2024-08-29,59300.95,61194.96,58798.59,59483.01,124185,1701,0
2024-08-30,59530.17,59916.98,57699.34,59008.0,128054,1701,0
2024-08-31,59036.74,59439.35,58721.46,58931.61,59143,1701,0
2024-09-01,58928.18,59116.95,57123.71,58392.14,72593,1701,0
2024-09-02,58408.26,59220.13,57069.92,58983.18,91887,1701,0
2024-09-03,58989.4,59812.85,57521.42,58165.25,95161,1701,0
2024-09-04,58203.91,58535.57,55529.89,58064.2,113430,1701,0
2024-09-05,58026.9,58380.47,55751.18,56091.92,106170,1701,0
2024-09-06,56080.54,56989.6,52601.52,52820.66,133115,1700,0
2024-09-07,52844.37,54843.2,52844.37,54168.45,89444,1700,0
2024-09-08,54143.56,54707.89,53615.24,54371.33,73701,1701,0
2024-09-09,54366.42,57191.3,54299.78,56987.36,157452,1700,0
2024-09-10,57018.86,58049.25,56368.21,57596.23,135529,1700,0
2024-09-11,57548.24,57988.69,55539.23,57488.34,151667,1701,0
2024-09-12,57481.08,58549.29,57208.06,58182.12,128748,1701,0
2024-09-13,58195.72,60015.94,57614.71,59937.29,112664,1701,0
2024-09-14,59868.67,60648.23,59394.84,60049.4,63357,1700,0
2024-09-15,60026.04,60398.9,59676.4,59831.0,53625,1701,0
2024-09-16,59800.0,59800.0,57441.75,57650.26,138762,1700,0
2024-09-17,57677.92,61350.84,57611.89,60158.94,135424,1700,0
2024-09-18,60121.36,61337.51,59174.29,60203.49,141085,1700,0
2024-09-19,60216.43,63876.55,60170.34,63053.92,169774,1700,0
2024-09-20,63031.41,64130.76,62334.31,62837.32,149220,1700,0
2024-09-21,62811.18,63432.66,62735.99,63147.37,69253,1701,0
2024-09-22,63140.58,63587.94,62456.56,63164.21,71072,1700,0
2024-09-23,63205.45,64727.39,62335.3,63331.4,137496,1701,0
2024-09-24,63302.48,64605.46,62702.07,64218.89,135241,1700,0
2024-09-25,64234.7,64823.85,62981.6,63499.92,127825,1700,0
2024-09-26,63501.19,65848.12,62644.98,64724.46,134388,1700,0
2024-09-27,64658.45,66498.35,64658.45,65813.62,133521,1700,0
2024-09-28,65805.01,66256.03,65415.45,65659.42,72362,1700,0
2024-09-29,65652.84,66081.12,65422.87,65832.37,68154,1701,0
2024-09-30,65813.43,65977.96,63019.09,63798.35,123875,1700,0
2024-10-01,63784.23,64126.29,60116.51,60676.8,138082,1700,0
2024-10-02,60773.36,62362.12,59957.24,60936.12,149590,1700,0
2024-10-03,60912.98,61475.86,59810.16,60749.11,161871,1700,0
2024-10-04,60804.23,62473.73,60446.12,62449.6,116588,1701,0
2024-10-05,62393.5,62429.75,61629.92,61716.92,54958,1701,0
2024-10-06,61710.6,62967.87,61696.07,62632.22,54573,1700,0
2024-10-07,62631.25,64447.16,62273.56,62969.55,131662,1700,0
2024-10-08,63008.99,63353.39,61793.33,62304.89,118054,1700,0
2024-10-09,62344.35,62513.42,60223.66,60473.79,111881,1701,0
2024-10-10,60356.0,61256.64,58851.22,59678.26,119578,1700,0
2024-10-11,59733.46,63399.83,59614.59,63003.32,100692,1700,0
2024-10-12,62980.2,63469.14,62325.01,63047.12,53847,1700,0
2024-10-13,63020.37,63355.65,62025.97,62720.02,62359,1701,0
2024-10-14,62736.16,66275.33,62417.47,65887.1,136269,1700,0
2024-10-15,65894.47,67930.01,64711.66,66542.53,161843,1701,0
2024-10-16,66475.58,68403.61,66098.94,67653.19,159053,1700,0
2024-10-17,67601.57,67924.4,66629.83,66931.79,114296,1700,0
2024-10-18,66909.32,69018.42,66909.32,68395.92,97129,1700,0
2024-10-19,68420.94,68689.54,68010.5,68287.68,35033,1700,0
2024-10-20,68279.15,68906.25,68095.67,68754.77,45712,1701,0
2024-10-21,68765.37,69524.49,66781.0,67706.73,126287,1700,0
2024-10-22,67719.95,67901.87,66527.85,67519.62,116366,1701,0
2024-10-23,67479.17,67814.39,65125.03,66609.3,119268,1700,0
2024-10-24,66599.02,68278.7,66274.7,68125.49,119641,1700,0
2024-10-25,68127.33,68798.25,65794.03,66755.58,123077,1700,0
2024-10-26,66757.1,67342.24,65456.03,67164.27,69696,1700,0
2024-10-27,67162.97,67889.48,66836.43,67660.58,66163,1701,0
2024-10-28,67668.24,69882.36,67549.52,69568.32,130650,1700,0
2024-10-29,69611.62,73606.88,69466.79,72293.73,145573,1700,0
2024-10-30,72292.66,72962.59,71386.14,72758.47,139401,1701,0
2024-10-31,72819.78,72890.9,69468.61,69755.17,161714,1700,0
2024-11-01,69852.28,71601.89,68704.53,69175.45,159049,1701,0
2024-11-02,69197.04,69881.63,68812.05,69462.22,86827,1700,0
2024-11-03,69496.74,69497.84,67418.98,69088.76,133765,1700,0
2024-11-04,69096.86,69476.68,66765.97,67017.38,160382,1700,0
2024-11-05,67056.19,70542.01,67056.19,69083.6,160280,1700,0
2024-11-06,69138.76,76522.45,68871.21,75956.55,211872,1700,0
2024-11-07,75969.82,76962.89,74473.76,75953.9,169407,1701,0
2024-11-08,75951.85,77305.81,75539.56,76555.44,148964,1700,0
2024-11-09,76537.3,76839.89,75804.2,76509.51,92213,1700,0
2024-11-10,76516.28,81167.94,76361.72,79986.63,150175,1700,0
2024-11-11,79930.73,88489.82,79867.4,87934.88,224870,1700,0
2024-11-12,88047.03,90071.93,85142.58,88279.27,237328,1700,0
2024-11-13,88317.93,93537.06,86283.67,88725.29,236843,1700,0
2024-11-14,88619.05,91853.96,87006.68,88282.3,231739,1700,0
2024-11-15,88234.69,91893.99,86539.7,91689.7,222860,1700,0
2024-11-16,91746.71,91839.22,90109.55,91091.17,186924,1701,0
2024-11-17,91072.7,91520.01,89012.26,89032.18,198632,1701,0
2024-11-18,89162.23,92680.38,88693.51,91261.3,217288,1700,0
2024-11-19,91370.94,94075.81,90271.42,92398.27,212318,1700,0
2024-11-20,92302.04,94956.81,91436.73,94490.39,179842,1700,0
2024-11-21,94457.72,99088.69,93850.52,98121.42,179456,1700,0
2024-11-22,98101.36,99807.97,97222.2,99420.19,169394,1700,0
2024-11-23,99430.16,99430.16,97247.1,98123.81,98776,1700,0
2024-11-24,98111.03,98718.73,95771.99,97064.0,155069,1700,0
2024-11-25,97053.9,99027.73,93530.72,93541.72,206156,1700,0
2024-11-26,93685.88,95072.31,90733.06,91768.37,203192,2273,0
2024-11-27,91648.11,97446.4,91529.84,96371.43,209269,1900,0
2024-11-28,96407.5,96701.9,94665.55,95138.58,169374,2290,0
2024-11-29,95174.85,98802.31,95064.32,97480.73,147900,2301,0
2024-11-30,97490.39,97612.11,96147.61,96866.25,77928,2301,0
2024-12-01,96870.87,97865.99,95735.98,97840.45,107612,2301,0
2024-12-02,97829.97,98274.12,94324.56,95452.38,161699,2242,0
2024-12-03,95430.13,96346.63,93571.98,96087.67,130443,2242,0
2024-12-04,96067.31,99248.08,94319.95,97868.63,174402,2242,0
2024-12-05,97844.46,104023.89,97762.77,99045.49,193690,2242,0
2024-12-06,99039.37,102114.1,91009.67,100621.67,175091,2742,0
2024-12-07,100589.62,100753.83,99012.2,100038.89,109871,2801,0
2024-12-08,99962.76,100610.87,98732.63,100113.58,115918,2502,0
2024-12-09,100129.98,101501.95,93953.84,97157.27,170344,2613,0
2024-12-10,96953.18,98326.62,94240.25,96811.47,161785,2801,0
2024-12-11,96899.9,101828.29,95693.42,101634.81,127262,2528,0
2024-12-12,101631.35,102633.78,99317.75,99874.47,117309,2710,0
2024-12-13,99818.93,101964.68,99199.3,101400.08,107175,2514,0
2024-12-14,101305.52,102712.81,100571.05,101067.95,99546,2526,0
2024-12-15,101056.91,103468.33,100853.73,102844.11,102594,2570,0
2024-12-16,102849.31,107886.02,102598.42,106160.49,131985,2540,0
2024-12-17,106125.24,108380.55,105473.94,106445.92,135976,2503,0
2024-12-18,106409.17,106514.01,100125.64,101180.99,129732,2801,0
2024-12-19,100982.12,102790.59,95490.14,97454.03,141216,2799,0
2024-12-20,97279.34,98294.36,92073.77,96533.74,173091,2768,0
2024-12-21,96538.82,99533.55,96349.17,96942.5,164070,2520,0
2024-12-22,96811.83,97395.37,94227.78,95052.7,161173,2801,0
2024-12-23,95033.84,96443.39,92306.47,93901.1,164524,2801,0
2024-12-24,93800.26,99429.35,93377.09,98292.45,128655,2506,0
2024-12-26,98412.09,99882.88,95053.94,95671.11,148324,2506,0
2024-12-27,95691.78,97417.41,93207.4,94327.84,140848,2558,0
2024-12-28,94380.71,95135.7,93980.35,94961.13,106149,2801,0
2024-12-29,94985.37,95551.36,92952.25,93239.53,102612,2508,0
2024-12-30,93170.22,94863.4,91247.58,92105.05,139492,2801,0
2024-12-31,91904.3,96085.23,91833.22,93694.94,127443,2782,0
2025-01-02,94613.66,97760.16,94099.09,97119.6,127243,2501,0
2025-01-03,97117.31,98958.21,96007.2,98208.8,128082,2801,0
2025-01-04,98208.86,98731.99,97474.75,98332.47,99719,2784,0
2025-01-05,98345.88,98653.32,97204.05,98487.86,94318,2701,0
2025-01-06,98454.0,102529.42,97869.3,101635.88,146100,2776,0
2025-01-07,101606.48,102747.23,96082.46,96567.17,123634,2801,0
2025-01-08,96460.69,97246.06,92441.65,94459.66,146955,2502,0
2025-01-09,94424.26,95335.33,91184.51,92047.75,164537,2564,0
2025-01-10,92122.76,95842.62,91608.48,94622.99,162578,2519,0
2025-01-11,94589.48,94969.77,93793.82,94896.36,104670,2801,0
2025-01-12,94897.71,95409.03,93644.31,94303.45,101260,2518,0
2025-01-13,94294.51,95883.56,89109.15,94176.43,162971,2681,0
2025-01-14,94148.52,97376.18,94115.57,96382.4,129022,2501,0
2025-01-15,96414.11,100699.77,96367.63,99680.0,120189,2795,0
2025-01-16,99669.82,100913.99,97255.28,100157.41,136166,2533,0
2025-01-17,100126.28,105979.73,99316.46,104706.95,123941,2525,0
2025-01-18,104644.57,104972.17,102210.51,103801.93,137474,2540,0
2025-01-19,103799.74,106375.4,103337.78,103588.74,140171,2558,0
2025-01-20,103587.53,109576.2,99404.74,102649.93,182240,2501,0
2025-01-21,102462.24,107241.68,100007.74,106823.46,161008,2532,0
2025-01-22,106771.39,106812.65,103319.09,104023.42,129411,2501,0
2025-01-23,104021.47,106892.73,101207.54,103216.22,134513,2501,0
2025-01-24,103122.35,107191.44,102735.39,105036.76,136929,2503,0
2025-01-25,105094.36,105447.8,104135.61,105076.14,79349,2501,0
2025-01-26,105090.14,105535.72,104420.86,104695.88,74431,133,0
2025-01-27,104528.33,104723.97,97632.6,101110.35,164067,2501,0
2025-01-28,101117.15,103795.04,100216.45,100226.31,138311,2506,0
2025-01-29,100277.19,104804.97,100270.7,103823.76,143872,2514,0
2025-01-30,103738.23,106438.08,103290.39,105059.66,112338,2541,0
2025-01-31,105035.01,106063.36,101504.31,102124.84,117354,2575,0
2025-02-01,102146.9,102785.48,100914.23,101282.5,100133,2501,0
2025-02-02,101170.75,101426.25,96525.91,96945.18,148072,2515,0
2025-02-03,96999.2,102096.43,91064.98,101961.4,167135,2732,0
2025-02-04,101907.17,102582.81,96431.52,96611.93,146235,2522,0
2025-02-05,96524.82,99219.25,96185.12,96929.79,142444,2801,0
2025-02-06,96909.48,99181.16,95653.32,96746.46,139171,2784,0
2025-02-07,96797.08,100211.69,95641.96,96039.95,132955,2589,0
2025-02-08,96048.66,96933.14,95631.54,96473.58,109771,2801,0
2025-02-09,96510.56,97323.95,94679.46,95216.44,92768,2801,0
2025-02-10,95113.92,98379.6,94848.68,97278.1,83975,2594,0
2025-02-11,97343.45,98537.95,94805.14,96277.3,75022,2501,0
2025-02-12,96383.31,97936.67,94020.09,97680.01,103526,2801,0
2025-02-13,97682.59,98161.13,95229.72,96489.79,130559,2801,0
